Symbol,Amount,Price,Worth
ETH,50985568.46,2630.47,1.34116E+11
Zepe.io,750000,0.224140084,168105.0627
PIKA,7.1121E+12,2.15E-08,152888.1816
makiswap.io,169990077,3.51E-05,5970.376949
HEX,555555,0.010477643,5820.907072
USDT,4933.853283,1.0001,4934.346668
STAKE,40000,0.122697456,4907.898225
USDT,3500,1.0001,3500.35
OPT,73995.51621,0.034024231,2517.640512
HEX,555555,0.002398027,1332.236129
BNB,1.068309684,594.6,635.2169383
UNI-V2,1.54E-06,266126451.3,411.0700005
LCX,2020.01122,0.170274846,343.9570988
ETHY,100,2.633486866,263.3486866
ETH,0.06292662,2630.47,165.5265861
AAVE,1,164.9636325,164.9636325
WLC,414.3733424,0.283074558,117.2985509
OOKS,405.1514655,0.25154644,101.9144089
pwx,100000.22,0.000980557,98.05590377
DPI,1,84.95634713,84.95634713
POLY,1337,0.041813688,55.90490112
eMTRG,100,0.501937449,50.19374486
GRT,200,0.185993109,37.19862187
USDC,29.66,1,29.66
MEME,2,14.30397511,28.60795021
SHROOM,1337,0.020248046,27.07163752
WETH,0.010001,2630.47,26.30733047
PEN,69420000,3.55E-07,24.63052312
WHACKD,8322.701863,0.002447899,20.37313218
USDC,20.1,1,20.1
EUROC,17,1.118823323,19.0199965
SEQ,1,18.99426625,18.99426625
LRC,121,0.13763458,16.65378419
MKR,0.00880337,1596.228812,14.05219284
USDT,4933.853282,0.00281162,13.87211863
MATH,60,0.214505122,12.8703073
SHLIAPA,11.11111111,1.046770142,11.63077936
BOR,0.5,22.51142305,11.25571153
SCHWAB,100000000,1.12E-07,11.15586986
MIR,666,0.016337893,10.88103652
ETH,2875970.564,2630.47,7565154290
WETH,753.1423876,2630.47,1981118.456
ABSHIBA.com,8824230,0.139363906,1229779.162
PLS,9895971026,4.60E-05,454887.2054
ETH,65.27520384,2630.47,171704.4654
Zepe.io,750000,0.224140084,168105.0627
PIKA,6.02878E+12,2.15E-08,129600.1777
BDAG,1000000,0.120715882,120715.8818
ETH,14.77598349,2630.47,38867.78129
SHIB,1465516634,1.85E-05,27155.45252
BNB,44.0453005,594.6,26189.33568
USDT,21195.26279,1.0001,21197.38231
AI-A,23000,0.695270713,15991.22639
ETH,3.790500005,2630,9969.015012
DAI,8245.134602,0.9999,8244.310088
WETH,2.383575629,2630.47,6269.924186
USDC,6124.268984,1,6124.268984
WETH,2.278620668,2630,5992.772358
xDai,5078.110251,0.9999,5077.60244
UNI,640.424735,7.331671664,4695.383882
BUSD,4157.428602,1.000625569,4160.02936
USDC,961871.4952,0.003611931,3474.213892
WETH,1.2,2629.06,3154.872
ETH,1.156943838,2630.47,3043.306058
ETH,1.11864202,2630,2942.028513
RARI,1414.393334,2.065108479,2920.875667
AVAX,81.45540381,29,2362.206711
BOOM,62000,0.036944927,2290.585478
USDT,1480.066456,1.0001,1480.214463
WLC,5000,0.283074558,1415.372791
ETH,0.47893,2630,1259.5859
ETH,0.462070576,2630,1215.245615
POL,2864.863032,0.4238,1214.128953
ACT,60000,0.020148633,1208.917973
Factr,700000,0.001433246,1003.272275
WETH,0.339564823,2630,893.0554849
WETH,0.328657246,2630.47,864.5230251
WBTC,0.0114255,64955.86,742.1531784
WETH,15401528.29,4.59E-05,706.5446404
GFAL,31429.04538,0.022366049,702.9435628
WETH,0.246345696,2630,647.8891806
FTM,918.5429354,0.6872,631.2227052
ETH,0.2301,2630,605.163
ETH,0.219694208,2630,577.7957658
stETH,0.204877254,2629.40594,538.7054675
WETH.e,0.190580447,2630.47,501.3161482
WBTC,0.00765167,64955.86,497.0208053
MATIC,1072.672967,0.421317091,451.9354545
BUSD,426.1014551,1.000625569,426.3680108
BSHARE,45.7853,7.974707561,365.1243781
CTSI,2398.647224,0.143832879,345.0043364
ETH,2.805814631,119.2403822,334.5664091
PNG,1055.088317,0.278322157,293.6544562
HEX,26381.95876,0.010477643,276.420751
KCS,30.406,8.192,249.085952
STAKE,1727.262443,0.122697456,211.9307069
BAT,1033.356395,0.191303456,197.6846496
ETH,0.072693176,2630.47,191.2172179
BYTES,32.315,5.86351938,189.4796288
UNI-V2,1.483307183,127.6298268,189.3142389
SOL,1.177649889,154.9284317,182.4514504
WETH,0.059804282,2630.47,157.3133687
ETH,0.057,2630.47,149.93679
SLP,0.000194088,560426.7684,108.7719198
SHIB,1465516634,6.92E-08,101.4484176
pwx,100000.22,0.000980557,98.05590377
WETH,0.034292595,2630.47,90.20564141
ETC,4.363076061,20.25,88.35229023
ETH,0.03,2630.47,78.9141
ETH,0.02914225,2630,76.64411767
SAITAMA,56388.191,0.00130971,73.85219501
ETH,0.0262012,2630.47,68.92147056
MIMIC,4.1E+11,1.61E-10,65.89640625
HEX,26381.95876,0.002398027,63.26466078
WETH,0.023534474,2630.47,61.90672717
BTCX,403379.4549,0.000147564,59.52416779
USDT,20128.7437,0.00281162,56.59437044
WETH,0.020481008,2630.47,53.87467782
ETC,2.26587834,20.13900747,45.63254081
ETHM,7.48889E+13,5.62E-13,42.10707651
WETH,0.01561952,2630,41.0793376
X,9.66512E+11,3.77E-11,36.41427352
LPT,2.223566751,14.78789946,32.88188156
ENJ,188.8844676,0.162075915,30.61362295
USDT,30.166183,1.0001,30.16919962
ETH 2.0,6.30705E+13,4.63E-13,29.22356622
WETH,0.010182678,2629.99,26.78034205
OOKS,100.844871,0.25154644,25.36716832
PEN,69420000,3.55E-07,24.63052312
WETH,0.00880057,2630.47,23.14963537
OPENAI,5405.268305,0.003857725,20.85203997
USDT,20.3,1.0001,20.30203
DATA,430.0477552,0.045300781,19.48149917
1INCH,59.43009189,0.299189794,17.78087698
SHIKO,8.91939E+12,1.98E-12,17.65400937
GALA,725.2699866,0.023134203,16.77854317
cbETH,0.005866626,2835.46,16.6345833
WETH,0.006077157,2630.47,15.98578009
FOX,400,0.03829583,15.31833211
KATT,332411.6335,4.55E-05,15.12767696
KISHU,34644567427,3.51E-10,12.1591567
ARB,18.70211127,0.6151,11.50366864
ETH,1996008.391,2630.47,5250440191
FTM,200000000,0.6874,137480000
AAVE,600000,164.9636325,98978179.52
FET,49333112.01,1.626212079,80226102.65
LINK,5000000,12.46143886,62307194.29
THETA,45000000,1.227639683,55243785.71
AGIX,70000000,0.703457066,49241994.65
UNI,6000000,7.331671664,43990029.98
TRB,582800.0301,68.06258288,39666875.35
HOT,20000000000,0.001867262,37345247.36
COTI,270000000,0.123901547,33453417.57
MANA,90000000,0.320475539,28842798.52
OCEAN,33577514,0.710642885,23861621.44
PAXG,5832.8332,2652.946351,15474193.55
CHR,70000000,0.216723265,15170628.56
DENT,14000000000,0.000933749,13072487.84
CELR,900000000,0.013894843,12505358.44
MKR,7255,1596.228812,11580640.03
RLC,6000000,1.693939634,10163637.8
BAT,50000000,0.191303456,9565172.795
ZRX,27000000,0.352531934,9518362.223
ELF,23620687,0.400722309,9465336.243
BLZ,50000000,0.152470843,7623542.143
LRC,45260186.66,0.13763458,6229366.785
BNB,10010.07971,594.6,5951993.393
MDT,120279494.9,0.049470485,5950284.917
AGI,141823360.1,0.040675683,5768762.081
ARPA,118014274.4,0.04756,5612758.891
POWR,20000000,0.230674224,4613484.474
FUN,1200000000,0.003587783,4305339.334
REQ,40000000,0.107596611,4303864.444
NKN,50000000,0.084769543,4238477.135
wNXM,70000,58.83341082,4118338.757
DIA,10000000,0.403383865,4033838.652
IDEX,78464921.06,0.04429,3475211.354
ANKR,100000000,0.030314532,3031453.222
1INCH,10000000,0.299189794,2991897.944
COMP,57266,48.76520293,2792588.111
AUDIO,20000000,0.138690957,2773819.146
YFI,500,5256.832373,2628416.187
AST,30000000,0.083594381,2507831.422
VIB,29181622,0.07233,2110706.719
STPT,40000000,0.048756298,1950251.9
QKC,200000000,0.009625407,1925081.466
REN,40000000,0.04222,1688800
UMA,677271,2.442384656,1654156.299
DODO,11710661,0.138960062,1627314.183
NMR,100000,16.16422388,1616422.388
OAX,10000001,0.1453,1453000.145
CTSI,10000000,0.143832879,1438328.792
FTX Token,1000000,1.4298,1429800
ABSHIBA.com,8824230,0.139363906,1229779.162
TROY,538511511.5,0.001501281,808457.2874
BBCH,1499.012,351,526153.212
OGN,5000000,0.095688585,478442.9249
FTM,200000000,0.001208954,241790.7241
AGIX,70000000,0.003101663,217116.4181
MANA,90000000,0.001650295,148526.511
PAXG,5832.8332,21.74408164,126829.6013
BAL,50000,2.108983421,105449.171
LINK,5000000,0.018297544,91487.71926
AAVE,600000,0.135238122,81142.8735
ENJ,50000000,0.001576508,78825.39966
MKR,7255,9.966311621,72305.59081
UNI,6000000,0.009145932,54875.5919
ERC20,1877444000,2.34E-05,43965.54489
PNT,7000000,0.005554,38878
SNX,2231445.893,0.012162699,27140.40434
VRA,7000000,0.003334741,23343.1865
NFT,1,22082.11386,22082.11386
Key7.net,98134,0.180591633,17722.1793
AI-A,23000,0.695270713,15991.22639
1INCH,10000000,0.001456019,14560.18872
newb,5E+14,2.44E-11,12207.34037
YFI,500,15.56333352,7781.66676
COMP,57266,0.112236048,6427.309512
BINGO,5.00203E+14,6.24E-12,3122.882664
BONUS,1000000000,2.55E-06,2545.668593
BOOM,62000,0.036944927,2290.585478
XPR,2000000,0.000879901,1759.801612
ACT,60000,0.020148633,1208.917973
BABYSHIB,2.003E+12,5.89E-10,1179.628036
Factr,700000,0.001433246,1003.272275
pwx,660000.66,0.000980557,647.1681883
BAL,50000,0.005592464,279.623221
Apollo,605.7217319,0.437672651,265.1078364
KICK,888889,0.000222308,197.6072028
USDT,162,1.0001,162.0162
PLS,1996008.36,4.60E-05,91.7503358
MIMIC,3.666E+11,1.61E-10,58.92103057
WLC,196.48,0.283074558,55.6184892
OOKS,148,0.25154644,37.22887316
PEN,69420000,3.55E-07,24.63052312
USDT,17.1,1.0001,17.10171
WBTC,0.00020373,64972,13.23674556
OPEN,1000,0.013059053,13.05905276
HEX,1100,0.010477643,11.52540753
WETH,0.0041499,2630.47,10.91618745
ETH,1363194.73,2630.91,3586442646
SHIB,3.66532E+13,1.85E-05,679170370.9
LINK,2400001.242,12.46143886,29907468.74
AVAX,1000002.843,29.01,29010082.49
BDAG,100000000,0.120715882,12071588.18
BCH,5616.11,0.081057041,455.2252578
COMP,1.725468,48.76520293,84.14279717
BONE,88.88888888,0.478435466,42.52759701
AAVE,0.25,164.9636325,41.24090813
ShibDoge,1.46E+18,2.83E-17,41.23683743
TREAT,33334,0.000900407,30.01418138
PEN,69420000,3.55E-07,24.63052312
UNI,2.692519,7.331671664,19.74066526
PEPE,2000000,9.47E-06,18.94
GUA,28888,0.000495773,14.32188036
USDC,10,1,10
ETH,1333047.866,2630.91,3507128962
OPT,1566,0.034024231,53.28194524
PLS,1087345.322,4.60E-05,49.98190409
PEN,69420000,3.55E-07,24.63052312
ETH,731253.5238,2631.4,1924220522
LINK,8324709,12.46143886,103737852.2
AAVE,132425,164.9636325,21845309.04
UNI,2111022,7.331671664,15477320.18
PAXG,5267.8374,2652.946351,13975290.01
SAND,14879367,0.286950413,4269640.507
MANA,12922625,0.320475539,4141385.213
MATIC,5000000,0.421317091,2106585.456
ABSHIBA.com,8824230,0.13989778,1234490.186
LINK,9500000,0.018297544,173826.6666
PAXG,5809.8374,21.74408164,126329.5788
SAND,14879367,0.002574486,38306.71515
OMG,115750.3652,0.288772948,33425.57423
MANA,18000000,0.001650295,29705.3022
AAVE,146196,0.135238122,19771.27256
UNI,2111022,0.009145932,19307.26363
DAI,292409,0.003648699,1066.912439
USDT,142,1.0001,142.0142
RMOON,5000,0.026345473,131.7273668
pwx,100000.22,0.000980557,98.05590377
PLS,1740839.969,4.60E-05,80.02103344
MIMIC,3.258E+11,1.61E-10,52.36353453
PEN,69420000,3.55E-07,24.63052312
MOPS,160000000,1.25E-07,20.07162365
WLC,44.79193133,0.283074558,12.67945617
MIR,666,0.016337893,10.88103652
USDT,7787503468,1.0001,7788282218
BNB,6103424.856,594.8,3630317105
wBETH,1062359.499,2762.648114,2934925466
USDT,2278341886,1.0001,2278569720
ETH,726957.3551,2631.4,1912915584
FDUSD,1594549556,0.999121667,1593149010
BTCB,14859.137,64950,965100948.2
USDT,930000000,1.0001,930093000
PEPE,9.59033E+13,9.47E-06,908204068.2
ETH,263760.5535,2631.99,694215139.2
SHIB,3.74278E+13,1.85E-05,693521852.6
ETH,250000,2631.4,657850000
FET,383060901.7,1.631,624772330.7
LINK,37103103.58,12.51661585,464405294.4
wBETH,138738.2,2755.194611,382250740.9
POL,840757844.6,0.417217923,350779241.5
USDT,341552225.8,1.0001,341586381.1
ARB,511030527,0.6153,314437083.3
BNX,280398550,1.116020642,312930569.6
USDC,302616661,1,302616661
ETH,110114.997,2631.4,289756603
ETH,94143.257,2631.4,247728566.5
FET,136310181.9,1.631158153,222343464.6
OP,120194495.5,1.7317,208140807.9
Neiro,1.91766E+11,0.00105608,202520427.6
FLOKI,1.22E+12,0.000149331,182183664.2
Cake,80600000,2.098,169098800
ZK,1145750313,0.14197,162662172
ENA,410000000,0.360938589,147984821.5
ARKM,97000000,1.48135933,143691855
USDC,143092897.5,1,143092897.5
GALA,6008325070,0.023134203,138997812.5
MANTA,150216117.8,0.921,138349044.5
PENDLE,30000000,4.5375065,136125195
WLD,60805166.49,2.030454102,123462099.7
ETHFI,72907974,1.657062409,120813063.1
UNI,16387098.47,7.331671664,120144825.5
BEAM,6175562128,0.018308399,113064652.8
JASMY,4890000000,0.02304258,112678215.7
TWT,107257680.5,1.027385363,110194971
ALT,849744487,0.12851,109200664
BB,263391282.4,0.4102,108043104
GRT,566536132.2,0.185993109,105371816.8
FTM,148214610,0.6881,101986473.1
PEOPLE,1405965792,0.07252951,101974010.4
SSV,4079434.951,24.55791833,100182430.4
AAVE,600000,164.9636325,98978179.52
IMX,55392505.25,1.765461151,97793316.08
ENS,4837166.433,19.25775909,93152985.84
SFP,121664102.9,0.748034112,91008899.14
SAND,285364711,0.286950413,81885521.7
LDO,63000000,1.24284085,78298973.54
THETA,63000000,1.227639683,77341300
ETH,29357.93099,2631.4,77252459.61
bCFX,453000000,0.1703,77145900
SUPER,72007894.23,1.042149587,75042997.2
STRK,154193299,0.468918007,72304014.48
AI,138857074.8,0.518748275,72031868.05
XRP,122032464.4,0.58716213,71652841.74
EDU,104972043,0.671024757,70438839.67
AEVO,166213118,0.422587125,70239523.69
FLOKI,4.56309E+11,0.000149962,68429124.97
FTM,95047006.36,0.6881,65401845.07
BBTC,972.736,64950,63179203.2
CHZ,869352510.3,0.069516867,60434662.86
USDT,60000000,1.0001,60006000
PORTAL,169014427,0.348921008,58972684.26
APE,70000000,0.825834408,57808408.54
NFP,227648794.6,0.2502,56957728.41
MEME,4745101200,0.011852278,56240257.8
DYDX,52451339,1.043869681,54752362.53
RSR,7789439559,0.006957849,54197744.43
INJ,2356813.217,22.94115565,54068018.84
PIXEL,339416877,0.1591,54001225.13
OM,42427749.14,1.254254285,53215186.14
HOOK,105000000,0.5029,52804500
MANA,163000000,0.320475539,52237512.87
G,1318460557,0.03888,51261746.46
QNT,640000,78.49334571,50235741.25
YGG,104654148.7,0.479545072,50186381.28
XAI,211802376,0.235345832,49846806.47
HOT,25878714005,0.001867262,48322348.79
AEUR,42458024,1.1172,47434104.41
OMNI,4726417,10,47264170
FTX Token,33000000,1.4298,47183400
ACH,2316506773,0.02024677,46901780.84
VANRY,434043475,0.10798712,46871104.95
MKR,29072.634,1596.228812,46406576.03
CHZ,674018935.1,0.06879,46365762.55
ADA,115000000,0.400208124,46023934.31
LISTA,106000000.7,0.407969623,43244780.29
MASK,17802594.84,2.367808112,42153128.47
LPT,2836451.442,14.78789946,41945158.76
BNB,68991.574,596.841917,41177063.28
TRB,526129.291,76.23079999,40107256.75
HIGH,26945945.54,1.466507412,39516428.86
SUSHI,53374610.75,0.738018395,39391444.54
BAKE,136761177.2,0.278595199,38101007.37
ACE,14767516.4,2.565643813,37888187.1
BLUR,154000000,0.238910511,36792218.73
GRT,197056609,0.186049378,36662259.58
GMT,230000000,0.157758543,36284464.8
REZ,788461978,0.045265233,35689914.76
MBOX,216210027.8,0.16151219,34920555.03
1INCH,115000000.1,0.299867842,34484801.82
ANKR,1078078241,0.030314532,32681437.57
CRV,105113120.6,0.2983,31355243.88
BANANA,790000,39.58420108,31271518.86
WLD,15285352.14,2.03,31029264.85
TKO,78386351.41,0.39481978,30948482.01
TRU,292318856.7,0.104894857,30662744.78
GLMR,161040483.7,0.19,30597691.91
MOVR,2805494.446,10.833,30391921.34
DYM,16048709.84,1.877,30123428.37
PAXG,11000,2652.946351,29182409.86
ID,67000000,0.428004615,28676309.19
COTI,225137797.5,0.123901547,27894921.29
COMP,565920.394,48.76520293,27597222.86
PHB,16150000.08,1.704,27519600.13
PENDLE,6000000,4.552415163,27314490.98
FDUSD,27059323.52,0.999492773,27045598.3
C98,194680342.9,0.136868812,26645667.31
LIT,35616888.68,0.742,26427731.4
SNX,15267081.2,1.7004637,25961117.4
DODO,181636978.6,0.138960062,25240285.88
LINK,2000000,12.46143886,24922877.71
SAND,85357955,0.285838612,24398599.41
AAVE,147502.312,164.9636325,24332517.2
BDAG,200000000,0.120715882,24143176.36
PDA,462061005,0.0508,23472699.05
Auction,1507020.797,15.51,23373892.56
ILV,540670.304,41.69173549,22541483.3
Metis,553514.5184,40.07,22179326.75
CYBER,5773088.668,3.841063907,22174802.51
VOXEL,124522209.4,0.177624003,22118133.32
LOKA,90973873.45,0.241745692,21992542
BabyDoge,9.94553E+15,2.20E-09,21918359.62
STORJ,49506298.38,0.440633606,21814138.76
MAV,91000000,0.237,21567000
PYR,7000000,3.080313015,21562191.11
RARE,149830049.6,0.142361051,21329963.27
CAT,4.82919E+11,4.31E-05,20811528.29
CHR,95828380.96,0.216723265,20768239.61
TURBO,3286591813,0.006217986,20435980.88
LTC,300000,67.71984538,20315953.61
ARPA,426557936.4,0.04756,20287095.45
ZRO,4039234,5.021417122,20282678.77
XVS,2697604.305,7.496693593,20223112.91
YFI,3845.654,5256.832373,20215958.44
VIDT,418546979.1,0.04799,20086069.53
DEXE,2260860.663,8.78070647,19851953.85
DENT,20915403671,0.000933749,19529740.02
ELF,48338798.15,0.400783233,19373379.78
DAR,109444104.5,0.173812451,19022748.08
MAGIC,47348201,0.397136805,18803713.25
DATA,410000000,0.045300781,18573320.2
KLAY,133865681.9,0.1387,18567170.08
ETH,6999.999995,2631.4,18419799.99
LQTY,19516102,0.939,18325619.78
BCH,52220.939,350.4555789,18301119.41
GMT,115218876.4,0.158319652,18241412.43
LEVER,7700000000,0.002348,18079600
ALICE,15580200.61,1.150537426,17925603.91
RLC,10403467.45,1.693939634,17622845.84
LRC,127000000,0.13763458,17479591.67
ATA,184644056,0.0946,17467327.7
AUDIO,124832836.9,0.138690957,17313185.65
ORN,13309782.68,1.292425397,17201901.17
COS,2226000000,0.007656482,17043328.28
BEL,25900000,0.638925828,16548178.94
DEGOV2,10000000,1.63,16300000
BSW,230000000,0.070624643,16243668
BURGER,33879441.81,0.477235653,16168477.52
BICO,62979674.62,0.24753801,15589863.3
AMP,3650000000,0.004192359,15302111.62
STMX,2216013899,0.006803905,15077547.15
SYN,29316033,0.499536701,14644434.4
ANKR,450058034,0.030314532,13643298.77
GTC,20414627.11,0.666167884,13599568.94
SKL,352339431.8,0.038452168,13548214.96
DUSK,55017621.33,0.2432,13380285.51
COMBO,29924861,0.4423,13235766.02
SANTOS,4746127.128,2.781603272,13201842.75
OM,10466869.27,1.252598834,13110788.23
RDNT,156649503,0.082331179,12897138.31
PHA,99092326.04,0.128849313,12767978.12
AVA,23831920.01,0.535348374,12758379.62
CHR,57907701.32,0.220054003,12742821.5
ID,29500000,0.424685336,12528217.42
DUSK,51486767.55,0.243105399,12516711.19
WOO,62514294.81,0.19505,12193413.2
ZRO,2393862,5.021417122,12020579.64
DAR,69000000,0.173730957,11987436.03
OGN,123786633.2,0.095688585,11844967.77
SPELL,20167927534,0.000586516,11828813.03
GLM,33949403.8,0.343884895,11674687.16
WOO,59668907.19,0.193912895,11570570.55
FXS,5628906.641,2.046671047,11520520.25
T,439496993.7,0.026037195,11443268.73
CLV,229533862.7,0.0498,11430786.36
HFT,67465198.1,0.1692,11415111.52
FLUX,17743685.3,0.62832743,11148844.18
POND,858509338.2,0.012962459,11128391.86
ZRO,2208808,5.021417122,11091346.31
ZRO,2177375,5.021417122,10933508.11
RAD,9150049.2,1.17978878,10795125.38
BADGER,3400000,3.174387093,10792916.12
AGLD,11000000,0.9805,10785500
STPT,220912529.4,0.048756298,10770877
DOGE,91328835.61,0.117220088,10705574.14
HIFI,20000000,0.531770366,10635407.33
G,273227414,0.03888,10623081.86
VIDT,218099768.7,0.04799,10466607.9
GFT,560000000,0.018452,10333120
NMR,631632.693,16.19444716,10228942.27
USDT,10000000,1.0001,10001000
PYR,3236466,3.051520038,9876140.852
GMX,381189,25.88488334,9867032.794
BTT,1E+13,9.70E-07,9704000
PERP,13764359.69,0.697227874,9596895.251
CHESS,56855572.11,0.168429745,9576169.512
FORTH,3025945.314,3.162323717,9569018.634
UNI,1294611.341,7.331671664,9491665.284
PUNDIX,21640948.41,0.435371069,9421842.834
AKRO,2002083320,0.004671825,9353382.756
FARM,210584.168,43.92069332,9249002.662
QUICK,196000000,0.045739102,8964863.917
ZRX,25000000,0.352531934,8813298.355
CVC,70990280.42,0.123982168,8801528.909
TLM,757963277.5,0.01158,8777214.753
CTSI,60748676.52,0.143832879,8737657.052
DOT,1828115.008,4.778620132,8735867.181
IQ,1381053537,0.006313416,8719165.319
ORN,6700000,1.292425397,8659250.163
ZRO,1724147,5.021417122,8657661.267
TLM,747346641.7,0.01158,8654274.111
FUN,2400000000,0.003587783,8610678.669
ALPINE,6677506.926,1.27,8480433.796
ERN,3897902.004,2.174739674,8476922.132
KP3R,163185.626,51.16588246,8349536.558
POWR,36168255.41,0.230797016,8347525.423
IDEX,187659933.6,0.04429,8311458.458
REQ,77000000,0.107596611,8284939.054
ALPHA,126236133,0.065605467,8281780.485
MAV,34176062,0.237,8099726.694
POND,623067517,0.01296,8074955.021
TROY,5378146456,0.001501281,8074110.957
MDT,160449728.6,0.049470485,7937525.853
WOO,40925588,0.193912895,7935999.262
HIGH,5459534.724,1.449301918,7912514.147
API3,4878714.615,1.621755748,7912083.471
NKN,93075536.57,0.084769543,7889970.671
OXT,102295201.5,0.076890548,7865534.05
LAZIO,5630937.878,1.359913484,7657588.348
BAT,40000000,0.191303456,7652138.236
DAI,7446663.038,0.9999,7445918.372
KNC,15027091.4,0.495,7438410.243
IOTX,161982961.3,0.045648035,7394203.812
LINA,1609107627,0.004552738,7325846.109
LTO,55703522.02,0.130200221,7252610.87
ETC,360000,20.13900747,7250042.689
TOMOE,15899844.71,0.443400403,7049997.55
FTM,10075557.09,0.684054535,6892230.52
REN,162692314.8,0.04222,6868869.532
GHST,6356971.85,1.078,6852815.654
FET,4110938.11,1.634951583,6721184.772
CYBER,1760832,3.75736213,6616083.474
BAL,3118951.962,2.108983421,6577817.979
PROS,19544718.95,0.33324831,6513244.567
DAI,6479863.342,0.9999,6479215.356
UNFI,2355704.37,2.742875312,6461403.359
BLZ,41000000,0.152470843,6251304.558
UFT,24858289.69,0.245102019,6092817.004
RPL,524254.019,11.46261486,6009321.907
MLN,363759.669,16.34404173,5945303.209
LINA,1317000000,0.004510833,5940767.587
MKR,3691.414747,1584.08381,5847510.338
PORTO,3769434.363,1.536984979,5793563.994
COMBO,12848723,0.4423,5682990.183
AERGO,50000000,0.112856533,5642826.66
CYBER,1456047.513,3.766528271,5484244.122
BEAM,298000000,0.018386822,5479272.868
ALPACA,31114898,0.174813042,5439289.959
ENJ,32365977.69,0.162736023,5267110.483
FLUX,8316355.61,0.6307,5245125.483
PROM,900000,5.7419,5167710
UMA,2100000,2.450224929,5145472.351
SNX,3000000,1.703715077,5111145.232
VIB,70000000,0.07233,5063100
USDP,5000000,0.99988109,4999405.451
NEXO,4756366.228,1.043161168,4961656.55
ANT,750000,6.601405523,4951054.143
BNT,9266589.576,0.531361015,4923904.442
ACE,1900189.881,2.565643813,4875210.412
SNT,196000000,0.024646384,4830691.171
Metis,120000,40.07,4808400
DIA,11811489.06,0.403383865,4764564.109
ADX,29676360.2,0.154498115,4584941.719
FIS,12543697.29,0.349688247,4386383.513
UTK,88954638.79,0.048522034,4316260.035
BETA,91255821.57,0.047168149,4304368.191
AGI,104122164,0.040675683,4235240.168
FIL,1000000,4.06836011,4068360.11
CREAM,219234.142,18.51840765,4059867.212
CREAM,400000,10.10297383,4041189.533
LTO,29424531.47,0.132234269,3890931.411
ALCX,248871.897,14.99826215,3732645.952
DEGOV2,2218066.963,1.63,3615449.15
QKC,370000000,0.009625407,3561400.713
DF,100000000,0.035267008,3526700.823
AST,39917001.43,0.083594381,3336837.015
CVX,1577861.762,2.079042734,3280442.032
ALPHA,49000000,0.065605467,3214667.893
NULS,8000000,0.400553635,3204429.079
GHST,2970851.398,1.078,3202577.807
ATM,400399.32,7.934332315,3176901.263
MAV,13295616,0.237,3151060.992
YFI,592.3622539,5307.746855,3144108.89
GNO,19216.849,161.3,3099677.744
COS,400000000,0.00766,3064000
ASR,460994.03,6.235132774,2874358.985
TRX,18603190.32,0.15293579,2845093.609
STG,8144503.643,0.3491,2843246.222
BETA,60000000,0.04738,2842800
ARPA,59412901.56,0.047395235,2815888.421
CLV,56257937.01,0.0498,2801645.263
C98,20000000,0.13701899,2740379.808
OAX,18377764.25,0.1453,2670289.145
BEL,4185241.769,0.637981486,2670106.763
WXRP,4400000,0.591898803,2604354.734
RDNT,31567458,0.081921224,2586044.788
SHIB,1.4E+11,1.84E-05,2576675.074
BIDR,40255340832,6.26E-05,2519107.687
TOKEN,39640360,0.062068928,2460434.653
RDNT,29790721.39,0.082151076,2447339.816
GNS,1000000,2.418213639,2418213.639
PENDLE,501758.664,4.536769055,2276363.18
QKC,229016884.4,0.00940441,2153768.627
SHIB,3.11E+13,6.92E-08,2152855.665
SYN,4260660,0.498253066,2122886.907
STG,6000000,0.3491,2094600
ONT,9917356.534,0.205244397,2035481.865
EGLD,63977.277,29.49000808,1886690.416
USDC,1861550.1,1,1861550.1
LOOM,31426153.24,0.056445552,1773866.562
AVA,3207342.134,0.537793898,1724889.028
ATA,18000000,0.094204269,1695676.835
IOST,292794346.7,0.00573,1677711.606
XTZ,2300000,0.728288865,1675064.39
COMP,33386.477,49.06980372,1638267.873
AXS,300000,5.22540373,1567621.119
Auction,100000,15.5,1550000
IHC,59678866077,2.59E-05,1547313.612
KSM,67137.593,22.02,1478369.798
ZRO,293170.536,5.021417122,1472131.549
JASMY,10783720045,0.00013232,1426906.652
CREAM,74965.823,18.51840765,1388247.67
BAT,6834562.31,0.193487116,1322399.751
BOND,765675.143,1.690054961,1294033.074
HARD,9791147.595,0.129453927,1267502.505
VANRY,11675577,0.1082,1263297.431
AXL,1756303,0.7033,1235207.9
ZEC,40406.337,30.25566511,1222520.601
TUSD,376879726.3,0.003162005,1191695.688
TRIBE,3000000,0.394995858,1184987.575
ABSHIBA.com,8239291,0.143433623,1181791.362
PROS,3500000,0.334266512,1169932.792
NEAR,200000,5.567650706,1113530.141
DNT,28000000,0.037077837,1038179.438
JOE,2627966,0.392878759,1032472.021
SOLO,12067921.72,0.084517349,1019948.747
STG,2913487,0.3491,1017098.312
SUSHI,1273253.059,0.740706021,943106.2066
POND,70745580.27,0.01296,916862.7203
LINK,50000000,0.018297544,914877.1926
SLP,325876290.2,0.002807,914734.7465
UNFI,330015.73,2.742875312,905191.9984
TORN,347890.992,2.58172034,898157.2501
AVAX,30000,29.02794546,870838.3639
OMG,3000000,0.288772948,866318.8452
QUICK,18433009.26,0.045739102,843109.2839
FDUSD,840000,0.999360963,839463.2091
IOTX,18254706.22,0.045734451,834868.9596
CTK,1423710.33,0.574943309,818552.7284
VITE,31455036.35,0.02494,784488.6066
DATA,17182180.52,0.044346005,761961.0717
MDA,17121229.45,0.041429515,709324.2276
BTCST,2617267.146,0.260022276,680547.7609
BabyDoge,3.06544E+14,2.21E-09,676731.4121
SAND,257666611,0.002574486,663358.9636
AGIX,210000000,0.003101663,651349.2542
MDT,13328096.89,0.048794522,650338.1223
FXS,266316.837,2.332,621050.8639
OGV,69700000,0.008699,606320.3
MAV,2543504.089,0.237,602810.4691
KNC,1191910.896,0.495,589995.8935
CELR,41742819.13,0.013793168,575765.701
WETH,211.961,2631.4,557754.1754
ADX,3449018.43,0.155200252,535288.5303
LIT,697927.648,0.741598563,517582.1411
BDOT,107028,4.785,512128.98
BUSD,511337.2206,1.000625569,511657.0973
BLZ,3237835.538,0.152444172,493589.1574
POLS,1465259.405,0.332364271,486999.8733
PROM,84130.742,5.7419,483070.3075
CREO,8500000,0.056715075,482078.1368
DF,13599589.48,0.035207078,478801.8135
NBT,299134038.1,0.001577375,471846.509
BAND,357998.649,1.300258973,465490.9558
PAXG,21276.85118,21.74408164,462645.5892
WIN,4864878204,9.43E-05,458851.1022
CHKN,6.43227E+12,6.79E-08,436695.5203
ILV,10000,41.76,417600
NFT,9.67022E+11,4.14E-07,400698.1068
HFT,2358861.591,0.1692,399119.3812
ELF,949521,0.405,384556.005
IOTA,2400000,0.144463018,346711.2431
IDRT,5000000000,6.57E-05,328582.2623
GMT,2000000,0.156350124,312700.2481
ZIL,19000000,0.016063261,305201.951
MKR,30000,9.966311621,298989.3486
GRT,660000000,0.000444447,293335.0889
FTM,239112593.6,0.001208954,289076.0357
GRT,1546420,0.185993109,287623.4642
KNC,545041.434,0.512289426,279218.9633
DODO,2000000,0.138960062,277920.1247
CELR,20000000,0.013894843,277896.8542
VAI,263144.335,1.000926263,263388.0759
HEGIC,10000000,0.024246997,242469.9653
W,800000,0.292,233600
RNDR,47000000,0.004518555,212372.0696
KOM,139302359,0.001511169,210509.3659
IDEX,4696883.276,0.04429,208024.9603
DAI,200000,0.9999,199980
BNT,372678.051,0.5326,198488.33
ENJ,124186416.1,0.001576508,195780.8776
QI,12200322.41,0.015194069,185372.5426
DOGS,776418921.7,0.000232131,180231.1661
DATA,3828707.79,0.044425938,170093.9338
ATOM,30909.571,4.953556845,153112.317
NEXO,135896,1.038929784,141186.4019
FOR,48788816.45,0.002834,138267.5058
COTI,1095003.637,0.125073883,136956.3563
GOGOCAT,120000000,0.001086127,130335.2386
AUTO,10000,12.63917234,126391.7234
APE,7450001.157,0.016623275,123843.4209
ARB,200000,0.6153,123060
IMX,34000000,0.003608895,122702.4185
KMD,436870.344,0.2591,113193.1061
MANA,63175249.95,0.001650295,104257.7718
AXS,1000000,0.102955835,102955.8346
WAXP,2780544.99,0.03697,102796.7483
TRU,969766.521,0.1058,102601.2979
CND,280000000,0.000364678,102109.7181
SYN,200000,0.498731643,99746.32852
ILV,330000,0.290882806,95991.32592
USDC,801265.989,0.116217106,93120.81401
QNT,622469.076,0.14852476,92452.06982
SUSHI,40214347.45,0.002219928,89272.9575
SALT,4041865.608,0.022086102,89269.05747
UNI,8986849.698,0.009145932,82193.11609
SNX,45050.468,1.670189988,75242.84061
OAX,500000,0.145871214,72935.60687
MTLX,20000,3.488049956,69760.99911
WBNB,115.7685963,594.8,68859.1611
FXS,2100000,0.031251716,65628.60319
CRV,66000000,0.000967356,63845.50024
SYN,123536,0.498731643,61611.3122
1INCH,40000000.62,0.001456019,58240.75578
SCRT,254209.8,0.2236,56841.31128
COMP,451107.229,0.112236048,50630.49251
GNS,20000.01561,2.414443337,48288.90442
DEXE,4840.887601,8.833577266,42762.35466
ENS,2164002.924,0.019601775,42418.29885
YFI,2708.714,15.56333352,42156.61939
YGG,84047.774,0.473999312,39838.58703
PNT,7000000,0.005554,38878
NEXO,7000000,0.005424572,37972.00216
PHA,270000,0.126680226,34203.66111
PERP,49034.221,0.6965,34152.33493
BFIL,8008.288,4.071,32601.74045
FRONT,56172.461,0.560212157,31468.49554
WETH,11.52804,2631.4,30334.88446
AAVE,200000.7225,0.135238122,27047.7222
PERL,53400000,0.000480895,25679.80518
PURSE,160000000,0.000155301,24848.10197
TROY,16400000,0.001504,24665.6
PSTAKE,423319.3322,0.0577,24425.52547
EXFI,846500.6123,0.02695787,22819.85311
GALA,487000000,4.63E-05,22562.62192
CTSI,153348.773,0.143832879,22056.59554
MULTI,190000,0.109391547,20784.39396
AI-A,23000,0.695270713,15991.22639
fUSDT,215941.36,0.071644305,15470.96869
MMdex.io,250000,0.0615888,15397.2
ELON,1.09089E+11,1.40E-07,15247.47158
RPL,202654.442,0.074013298,14999.12362
ANT,2366.714,6.29469022,14897.73147
VIBE,18333332,0.00080623,14780.87345
SQUT,1.1331E+12,1.18E-08,13421.46251
SNX,1000000,0.012162699,12162.69882
GF,569396.8867,0.019102957,10877.16411
PTM,50000000000,1.79E-07,8962.489521
WMATIC,20845.1,0.4242,8842.49142
CAN,601053.323,0.014199407,8534.600493
EVX,2500000,0.002598,6495
BAL,1152400.563,0.005592464,6444.759145
LDO,4000000,0.001590974,6363.896047
BAL,2981.529,2.107299743,6282.975294
Shit,5.5006E+11,1.10E-08,6044.084098
MPM,100061488.1,5.75E-05,5757.026609
SAND,20015.938,0.284237816,5689.286498
VRA,1500000,0.003334741,5002.111393
ZIL,300000,0.01607,4821
BTM,886558,0.005204,4613.647832
DAI,4185.89068,0.9999,4185.472091
BNT,4000000,0.001018121,4072.483759
T99,39025874.69,9.31E-05,3632.645975
ANGEL,350000,0.009299431,3254.800746
GNO,22222.369,0.144847527,3218.855202
ACW,198000,0.015798372,3128.077641
TBCC,5000000,0.000604824,3024.121
ROCCAT,7.77077E+12,3.80E-10,2950.624775
Muslim,1.00E+16,2.75E-13,2751.566142
MarsDoge,21034500000,1.29E-07,2703.861151
ELON,6.32206E+11,4.08E-09,2580.943754
XPR,2800000,0.000880416,2465.164969
SFM,32062095.06,7.65E-05,2453.88763
$POCH,233333333.1,1.01E-05,2364.873329
LBA,9000000,0.0002567,2310.3
ETHBNT,971.7184292,1.889725982,1836.281563
LOOKS,40000,0.045805362,1832.214467
GAMBLING,95000,0.018993442,1804.377
WETH,0.664222382,2631.99,1748.226668
PEPET,3E+13,5.26E-11,1576.87833
EVX,100000,0.014684704,1468.470391
GTX,1980000,0.000724354,1434.221799
BNB,4,287.4989903,1149.995961
AmazingTeam,909,1.254813071,1140.625082
MAMO,410000,0.002694865,1104.89448
AI WEB3,4E+13,2.66E-11,1064.745483
SXP,78631.742,0.013291944,1045.168745
cvxCRV,3346.871742,0.287511814,962.2651644
CEL,2230.13,0.415942759,927.6064253
CATO,998000000,8.69E-07,867.281638
SYLVE,2012239768,4.13E-07,830.6126237
TOMB,90000,0.007475911,672.8320242
EPS,25000,0.023710745,592.7686363
binancecat,44444444,1.23E-05,545.7006887
EASY,7000,0.075071178,525.4982473
TCATI,300000,0.001710198,513.0595197
BIRDDOG,2.31035E+13,2.08E-11,480.8924235
LUNA,4860030,8.82E-05,428.5248981
GCW,1.05E+16,3.80E-14,399.1541135
WOLF,8413800000,4.70E-08,395.5029397
BRETT,2.10345E+13,1.73E-11,363.7260714
TIFI,4097956518,8.33E-08,341.3629893
pwx,330000.33,0.000980557,323.5840941
EMOJI,600100045,5.10E-07,305.783259
GOOBY2.0,2000000000,1.50E-07,300.6679517
SPIRIT,92192,0.00261125,240.7363282
GENSHIN,2.17798E+14,9.71E-13,211.4880207
DOE,3200000,6.29E-05,201.191731
KICK,888888,0.000222308,197.6069805
DREP,29814.281,0.005246,156.4057181
SNOOPY,2.17433E+15,6.35E-14,138.0721293
BMH,98451,0.001398527,137.6863741
ANY,74.361,1.84394312,137.1174544
BabyGrok,1.96181E+13,6.95E-12,136.3416319
Caps,400000000,3.19E-07,127.4595616
PLS,2665394.453,4.60E-05,122.5199458
TET,10,11.48666231,114.8666231
BIGMAC,10000000000,1.14E-08,113.6246695
WBTC,0.00156004,64985.42,101.3798546
ZUM,14514978.43,6.53E-06,94.7569226
BNB,0.137967238,594.8,82.06291319
MIMIC,3.901E+11,1.61E-10,62.6980197
MASYA,20000000000,2.36E-09,47.25503343
GERMAIN,1530127638,2.98E-08,45.54134449
GUA,86664,0.000495773,42.96564107
PRS,212994785.2,1.97E-07,42.05726799
SWFTC,10000,0.003248233,32.48232542
Cz2049,444444444.4,6.02E-08,26.73387517
PEN,69420000,3.55E-07,24.63052312
HODL,2.06357E+13,1.14E-12,23.45387995
TRX,146.205,0.151919564,22.21139993
USHIBA,2E+12,9.41E-12,18.81866209
LOAD,6475911867,2.76E-09,17.8498468
Cake-LP,9,1.418124358,12.76311922
POL,29.91243873,0.4242,12.68885651
ATH,43.50972266,0.283357719,12.32881579
HEX,1100,0.010477643,11.52540753
USDT,1820000161,1.0001,1820182161
ETH,584999.0488,2631.99,1539711647
USDC,542999999.8,1,542999999.8
FDUSD,320891384,0.999121667,320609534.6
SHIB,8.05E+12,1.85E-05,149163365.2
LINK,9100000,12.51661585,113901204.3
AAVE,500000,164.9636325,82481816.27
PEOPLE,794500000,0.07252951,57624695.95
UNI,5610000,7.331671664,41130678.03
DAI,35999972,0.9999,35996372
OM,26600000,1.254254285,33363163.97
FTM,46600000,0.6891,32112060
POL,33900004,0.417217923,14143689.25
MKR,6000,1596.228812,9577372.872
JASMY,397628961,0.02304258,9162397.101
BEL,9100000,0.638925828,5814225.033
SAND,19000000,0.286950413,5452057.849
COMP,100000,48.76520293,4876520.293
COTI,38450000,0.123901547,4764014.464
YFI,900,5256.832373,4731149.136
SUSHI,6360000,0.738018395,4693796.99
MANA,12330000,0.320475539,3951463.397
BAT,20300000,0.191303456,3883460.155
USDT,1250000115,0.00281162,3514524.834
APE,3878553.609,0.826126381,3204175.455
CELR,225000000,0.013894843,3126339.61
USDC,772999999.8,0.003611931,2792023
SNX,1260000,1.703715077,2146680.997
FXS,1000000,2.046671047,2046671.047
ELON,1.35255E+13,1.40E-07,1890475.935
ILV,41000,41.69173549,1709361.155
USDP,1700000,0.99988109,1699797.853
CTSI,10000000,0.143832879,1438328.792
KNC,2880000,0.495,1425600
ELF,3500000,0.400783233,1402741.314
TUSD,1203457,0.99889,1202121.163
PHA,8000000,0.128849313,1030794.503
YGG,1890000,0.479545072,906340.1863
TRU,8000000,0.104894857,839158.8589
PAXG,300.9398,2652.946351,798377.1443
BLZ,5000000,0.152816384,764081.921
PERP,1000000,0.697227874,697227.8745
cDAI,28000000,0.02378025,665847.0015
GLMR,2920000,0.19,554800
IDEX,12000000,0.04429,531480
SHIB,7.39E+12,6.92E-08,511562.8092
OAX,2000000,0.1453,290600
BNT,479215,0.531361015,254636.1688
DAI,64499972,0.003648699,235340.9862
LRC,1535000,0.13763458,211269.0804
TORN,80500,2.58172034,207828.4874
BAL,81000,2.108983421,170827.6571
Zepe.io,750000,0.22512415,168843.1126
LINK,9100000,0.018297544,166507.649
YFII,380,357.0204389,135667.7668
OGN,1342316.336,0.095688585,128444.3508
TUSD,28000000,0.003162005,88536.1481
GLM,200000,0.343884895,68776.97899
AAVE,500000,0.135238122,67619.06125
MKR,6000,9.966311621,59797.86972
FTM,46600000,0.001208954,56337.23871
SAND,19000000,0.002574486,48915.22522
UNI,4900000,0.009145932,44815.06672
FXS,1000000,0.031251716,31251.7158
JASMY,177000000,0.00013232,23420.71904
NFT,1,22082.11386,22082.11386
TCT,61300000,0.0003316,20327.08
Key7.net,98134,0.181036153,17765.80188
LOOKS,320000,0.045805362,14657.71573
SUSHI,6360000,0.002219928,14118.74233
YFI,900,15.56333352,14007.00017
SNX,1100000,0.012162699,13378.9687
MANA,7170000,0.001650295,11832.61204
WAVES,9988.976378,1.132774361,11315.25633
IOTX,200000,0.045648035,9129.606906
USDP,2500000.207,0.003059896,7649.741742
APE,450000,0.016623275,7480.473929
PAXG,300.9398,21.74408164,6543.659581
ELON,1.50252E+12,4.08E-09,6133.943829
COMP,50000,0.112236048,5611.802389
PERL,7941264,0.000480895,3818.915963
ILV,10000,0.290882806,2908.828058
DIA,5000,0.403383865,2016.919326
BNT,479215,0.001018121,487.8988262
BAL,81000,0.005592464,452.989618
BabyDoge,23920217962,2.20E-09,52.71633447
LOOKS,232000,0.000219005,50.80921633
PLS,584999.0777,4.60E-05,26.89059971
PEN,69420000,3.55E-07,24.63052312
GUA,28888,0.000495773,14.32188036
SFP,14.3386796,0.748034112,10.72582146
ETH,529387.8269,2631.99,1393343467
PEN,69420000,3.55E-07,24.63052312
ETH,527887.5893,2631.99,1389394856
ETH,75.19801164,2631.99,197920.4147
ETH,52.10781169,2631.99,137147.2393
AAL,56000,1.471154014,82384.62476
AI-A,23000,0.695270713,15991.22639
ETH,5.261379634,2631.99,13847.89858
ETH,3.735209372,2631.99,9831.033715
ETH,1.81163151,2631.99,4768.196017
ETH,1.78845322,2631.99,4707.19099
BOOM,62000,0.036944927,2290.585478
ACT,60000,0.020148633,1208.917973
ETH,0.303827623,2631.99,799.6712657
BNB,0.952984053,595.1,567.12081
USDT,303.9030314,1.0001,303.9334217
ETH,0.06798375,2631.4,178.892439
MOCHI,10667264.8,1.25E-05,132.958522
USDC,102,1,102
ETH,0.032370396,2631.99,85.19855773
BALD,3661.464846,0.018993149,69.54274745
ETH,0.019,2631.4,49.9966
ETH,0.01,2631.99,26.3199
PEN,69420000,3.55E-07,24.63052312
toby,1183098588,2.00E-08,23.62003257
ETC,0.992,20.27,20.10784
DOG,4324.618198,0.003935716,17.02046932
USDT,15,1.0001,15.0015
Mog,10000000,1.43E-06,14.27418129
BITCOIN,100,0.119486228,11.94862279
OP,6.550811733,1.7342,11.36041771
ETH,527081.9248,2631.99,1387274355
PEN,69420000,3.55E-07,24.63052312
ETH,450118.3284,2631.99,1184706939
Zepe.io,750000,0.22512415,168843.1126
YUMYUM,1,87.53427768,87.53427768
MIMIC,3.588E+11,1.61E-10,57.66739162
PEN,69420000,3.55E-07,24.63052312
PLS,450118.3264,4.60E-05,20.69054841
FREE,100000000,1.49E-07,14.88
HEX,1100,0.010477643,11.52540753
SHIDO,12208,0.000908691,11.0932945
ETH,369498.9654,2631.99,972517581.8
Zepe.io,750000,0.22512415,168843.1126
OMG,34273.46542,0.288772948,9897.249661
XDATA,58752.38286,0.04435983,2606.245716
FREE,1000000000,1.49E-07,148.8
ETC,3,20.27,60.81
PEN,69420000,3.55E-07,24.63052312
PLS,399498.9647,4.60E-05,18.36373279
OOKS,51.204574,0.251634434,12.884834
HEX,1100,0.010477643,11.52540753
ETH,325000.4823,2632.48,855557269.6
Zepe.io,750000,0.22512415,168843.1126
CHZ,1051.591224,0.069516867,73.10332726
PEN,69420000,3.55E-07,24.63052312
PLS,325000.4818,4.60E-05,14.93926776
DOG,3000,0.003935716,11.8071482
HEX,1100,0.010477643,11.52540753
ETH,317865.8077,2632.02,836629163.2
LEO,10130759.06,5.844,59204155.95
XAUt,16632.55036,2678.145421,44544388.59
LINK,2282708.134,12.51661585,28571780.82
EURT,13018933.2,1.1039,14371600.36
aUSD??12877429.33169,0.999475341,12870673.07,
FET,3000000,1.632,4896000
USDC,3671081.643,1,3671081.643
FET,2243711.673,1.631158153,3659848.588
AAVE,19075.84071,164.9636325,3146819.977
UNI,394384.2862,7.331671664,2891496.096
WBT,226072.6089,11.29447138,2553370.609
crEURT,100005000,0.022099316,2210042.056
BLUR,8966565.584,0.239239558,2145157.185
GT,217880.6612,8.9598,1952167.148
LDO,1327896.815,1.245633751,1654073.09
PEPE,1.72694E+11,9.48E-06,1637135.136
eXRD,73322409.75,0.021280622,1560346.515
SUSHI,2030498.143,0.738018395,1498544.98
ABSHIBA.com,8824230,0.13989778,1234490.186
DATA,25582243.65,0.045300781,1158895.616
BGB,1149260.141,0.9982,1147191.473
AMPL,875817.2047,1.167891095,1022859.114
EURT,6000000,0.154109379,924656.2746
GRT,4530557.664,0.185993109,842652.5072
LRC,5863209.433,0.13763458,806980.3682
SHIB,40000000000,1.85E-05,741184.4232
ZRX,2000000,0.352531934,705063.8684
BAT,3646202.796,0.192229377,700907.2914
JASMY,27356888.52,0.02304258,630373.2892
DUSK,2570447.189,0.2441,627446.1589
OMG,1492644.664,0.288772948,431035.4006
FLR,21037844.3,0.0157,330294.1555
YFI,60,5256.832373,315409.9424
POL,700176.8105,0.4245,297225.0561
UXLINK,419449.4651,0.6316,264924.2821
SPELL,430778367.6,0.000586516,252658.4231
XTP,160601705.7,0.001526858,245216.0794
SAND,608853.0076,0.28722209,174876.0331
Zepe.io,750000,0.22512415,168843.1126
CRV,485137.5119,0.2988,144959.0886
BOSON,394542.6808,0.361098982,142468.9602
SNT,5000000,0.024646384,123231.9176
NEXO,100000,1.043763952,104376.3952
FTX Token,67424.63949,1.4298,96403.74954
WAGMI,15821967.36,0.005909503,93499.96086
ANKR,3000000,0.030314532,90943.59667
VIDT,30000,2.779855891,83395.67673
GNO,516.28168,161.2,83224.60682
VRA,16558422.07,0.004045635,66989.34005
1INCH,218636.6382,0.299867842,65562.09682
ID,1200000,0.039221701,47066.04098
USDP,14674983.73,0.003059896,44903.93052
BOBA,175230.7485,0.24596,43099.7549
HMT,913896.6693,0.03724,34033.51196
DORA,323056.7601,0.1012,32693.34412
ETH,8.998511755,2632.48,23688.40223
JUSTICE,187284590.9,0.000123363,23104.06416
IOST,3904607.851,0.00572,22334.35691
GoC,5945829.523,0.003529119,20983.54196
KARATE,25956328.05,0.0007746,20105.77171
BFT,10000001,0.001916897,19168.96784
LINK,1000000,0.018297544,18297.54385
Key7.net,98134,0.181036153,17765.80188
MEME,1417556.505,0.011852278,16801.27355
PNT,3000000,0.005554,16662
ABYSS,2989669.402,0.00528365,15796.36812
QRDO,1476589.132,0.010518,15530.76449
DORA,323056.7601,0.04796,15493.80221
ZK,97700.74056,0.14232,13904.7694
SUKU,188499.9785,0.061735576,11637.15475
LAI,578083.4077,0.01943,11232.16061
MANA,6606435.927,0.001650295,10902.56532
DOP,3650475.825,0.00267849,9777.763801
USDT,3185228.958,0.00281162,8955.652192
AST,99916.7869,0.083594381,8352.481925
WNCG,171320.2614,0.046836557,8024.051253
SNX,2240.48022,1.703715077,3817.139931
UNI,400000,0.009145932,3658.372794
MKR,300,9.966311621,2989.893486
ETH,0.988937074,2632.02,2602.902159
EXFI,91232.17501,0.02695787,2459.425076
BOOM,62000,0.037057013,2297.534835
SUSHI,1000000,0.002219928,2219.92804
LOOM,34553.65235,0.05863,2025.880637
ENJ,1183903.015,0.001576508,1866.432566
WILD,6476.02179,0.281984618,1826.138534
ALBT,14344984.97,0.000117286,1682.466017
HI,3570506.603,0.000470003,1678.150285
APE,100000,0.016623275,1662.32754
TNB,59683094.14,2.70E-05,1609.964621
SHIB,20000000000,6.92E-08,1384.473097
JASMY,10000000,0.00013232,1323.204466
CONV,9422664.28,0.000139741,1316.729927
TUSD,412089.9971,0.003162005,1303.03075
B21,7607963.868,0.000138286,1052.077631
STRK,2163.63943,0.468918007,1014.56949
SWM,131286.2039,0.007652102,1004.61546
AAVE,7000.00001,0.135238122,946.6668588
YFI,60,15.56333352,933.8000111
EVOLITE,1250000,0.000687566,859.4569311
BOX,3252620.2,0.000189,614.7452178
NEXO,100000,0.005424572,542.4571737
USDC,460,1,460
1INCH,218636.6382,0.001456019,318.3390713
ETH,0.099704833,2632.02,262.4251136
PASS,187180.087,0.001060609,198.5248837
KICK,888889,0.000222308,197.6072028
CHKN,1671538136,6.79E-08,113.4829259
GHST,101.231637,1.078,109.1277047
LDO,59954.39082,0.001590974,95.38587768
BNB,0.13076515,595.1,77.81834077
GNO,400,0.144847527,57.93901094
SAND,196.2539558,0.285838612,56.09695839
MITH,285540.2448,0.0001812,51.73989236
GUA,57776,0.000496904,28.70909816
BMI,7548.8502,0.003168993,23.9222511
TOWER,9028.612898,0.002300818,20.77319741
WDOGE,150,0.116076567,17.4114851
HEX,1100,0.010477643,11.52540753
REVV,2211.099964,0.004770878,10.54888891
ETH,306276.6355,2632.02,806126230.1
MIMIC,3.7E+11,1.61E-10,59.46748857
PEN,69420000,3.55E-07,24.63052312
PLS,306277.6354,4.60E-05,14.07863637
HEX,1100,0.010477643,11.52540753
ETH,303141.0142,2632.02,797873212.1
MUMU,6969696969,4.04E-09,28.1601144
PEN,69420000,3.55E-07,24.63052312
ETH,294207.4227,2632.02,774359820.8
LINK,5555028.2,12.51661585,69530154.03
PEPE,5.08E+12,9.47E-06,48107618.94
GUSD,40000000,0.999727839,39989113.58
FTM,45163759,0.6892,31126862.7
SHIB,1.45E+12,1.85E-05,26867935.34
USDC,24000100,1,24000100
FET,14200000,1.631158153,23162445.77
AMP,5374174722,0.004192359,22530471.64
RNDR,2950045,6.260891168,18469910.68
INJ,715000,22.92415164,16390768.42
MATIC,33765000,0.421317091,14225771.59
AAVE,81570,164.9636325,13456083.51
USDT,10000030,1.0001,10001030
UNI,1175001,7.331671664,8614721.536
SAND,16760000,0.28722209,4813842.222
GRT,25147046,0.185993109,4677177.277
BAT,23200000,0.192229377,4459721.544
GALA,191999400,0.023134203,4441753.114
MANA,13250001,0.320475539,4246301.213
MKR,2014,1596.228812,3214804.827
PAXG,900.0152809,2652.946351,2387692.256
ELON,1.55E+13,1.40E-07,2166448.003
CUBE,4531931,0.475984851,2157130.503
YFI,408.01,5256.832373,2144840.177
DAI,2000030,0.9999,1999829.997
QNT,25000,78.49334571,1962333.643
LRC,14140000,0.13763458,1946152.962
COMP,36911,48.76520293,1799972.405
ANKR,55312625,0.030314532,1676776.353
STORJ,2830001,0.440633606,1246993.545
LPT,83248,14.80826653,1232758.572
ZRX,3222563,0.352531934,1136056.367
SUSHI,1500020,0.738018395,1107042.352
ENS,55000,19.25775909,1059176.75
APE,1200010,0.826126381,991359.918
CRV,3050001,0.2986,910730.2986
API3,550000,1.621755748,891965.6615
IMX,500000,1.765461151,882730.5757
LUNA,10000000777,8.82E-05,881733.0991
AXS,167000,5.22540373,872642.4228
CTX,370000,2.272407233,840790.676
SNX,470561,1.703715077,801701.8705
SKL,20000000,0.038452168,769043.3563
OXT,10000000,0.076890548,768905.4751
LDO,600015,1.245633751,747398.9348
1INCH,2452000,0.299867842,735275.9479
REN,17290001,0.04222,729983.8422
SLP,155240000,0.003011535,467510.6335
AUDIO,2000000,0.138690957,277381.9146
UMA,110001,2.450224929,269527.1924
KNC,500000,0.495,247500
BNT,260000,0.531361015,138153.8639
USDC,27500000,0.003611931,99328.11452
BOND,50000,1.690054961,84502.74803
SHIB,1.1E+12,6.92E-08,76146.02032
LINK,4070029.4,0.018297544,74471.54142
ELON,1.55E+13,4.08E-09,63277.79111
SAND,21760000,0.002574486,56020.8053
FTM,41263759,0.001208954,49885.97084
MANA,13250001,0.001650295,21866.40466
PAXG,800.0352809,21.74408164,17396.03247
MKR,1614,9.966311621,16085.62696
CHKN,2.20483E+11,6.79E-08,14968.86213
APE,800010,0.016623275,13298.78655
RNDR,2250045,0.004518555,10166.95135
UNI,1075001,0.009145932,9831.886029
AXS,92000,0.102955835,9471.936782
AAVE,64570,0.135238122,8732.32557
GRT,18147046,0.000444447,8065.402048
ENJ,4900000,0.001576508,7724.889167
DAI,2000030,0.003648699,7297.507549
USDT,2500025,0.00281162,7029.119308
YFI,298.01,15.56333352,4638.029022
SUSHI,1500020,0.002219928,3329.936458
SNX,270561,0.012162699,3290.751955
COMP,28911,0.112236048,3244.856377
GALA,32000100,9.85E-05,3151.769333
QNT,20000,0.14852476,2970.49519
CRV,3050001,0.000967356,2950.436963
1INCH,1080000,0.001456019,1572.500382
KEEP,10000,0.125250293,1252.502931
ENS,55000,0.019601775,1078.097636
USDP,900,0.99988109,899.8929812
LDO,500015,0.001590974,795.5108705
BAL,82137,0.005592464,459.34825
BNT,158373,0.001018121,161.2428676
DNT,2715.448,0.037077837,100.6829385
DOSHEPE,694200000,1.29E-07,89.33288714
GUA,57776,0.000496904,28.70909816
PEN,69420000,3.55E-07,24.63052312
PLS,232707.444,4.60E-05,10.69684204
ETH,275000.0335,2632.02,723805588.1
Zepe.io,750000,0.22512415,168843.1126
PEN,69420000,3.55E-07,24.63052312
PLS,275000.0281,4.60E-05,12.64090143
HEX,1100,0.010477643,11.52540753
ZUM,1688888.889,6.53E-06,11.02543242
ETH,271274.0481,2631.47,713849519.4
ABSHIBA.com,8824230,0.13989778,1234490.186
WETH,214.140967,2631.47,563505.5305
Zepe.io,750000,0.22512415,168843.1126
Tugou,5E+14,3.03E-10,151729.9328
UNI-V2,22360679.77,0.001916867,42862.45383
BNB,42.1,596.841917,25127.04471
OMG,56419.2918,0.288772948,16292.36524
XDATA,78338.79545,0.04435983,3475.095649
BNB,4.867442353,595,2896.1282
WETH,0.922045544,2631.47,2426.335187
FOXE,1.77782E+12,1.02E-09,1812.369155
USDT,1061.430238,1.0001,1061.536381
USDC,1000.01,1,1000.01
USDC,588.859639,1,588.859639
WLC,1124,0.283074558,318.1758035
ETC,10.94266983,20.27,221.8079175
KICK,888888,0.000222308,197.6069805
JOKER,20000000000,5.03E-09,100.6136351
ETH,0.021893352,2631.47,57.61169825
USDT,54.01348077,1.0001,54.01888212
GET,52,0.821327531,42.70903162
PEPE,89191.48506,0.000471546,42.05790823
PEN,69420000,3.55E-07,24.63052312
PEPE,1918548.24,9.47E-06,18.16865183
DINT,3000,0.005973077,17.9192318
PLS,370272.4136,4.60E-05,17.02027856
HEX,1102.202185,0.010477643,11.54848123
Okinami,11786,0.000942604,11.1095355
AAVE,0.062897,164.9636325,10.3757176
LEO,648000000,5.844,3786912000
ETH,268053.7605,2631.47,705375429
Zepe.io,750000,0.22512415,168843.1126
PEN,69420000,3.55E-07,24.63052312
OMG,79.51187469,0.288772948,22.96087849
PLS,408033.7605,4.60E-05,18.75605097
ETH,267284.9646,2631.47,703352365.7
PEN,69420000,3.55E-07,24.63052312
ETH,254248.454,2631.47,669047179.3
ABSHIBA.com,8824230,0.13989778,1234490.186
Zepe.io,750000,0.22512415,168843.1126
OMG,19151.59471,0.288772948,5530.462471
XDATA,26914.77929,0.04435983,1193.935034
LPT,2.29221748,14.80826653,33.9437674
PEN,69420000,3.55E-07,24.63052312
DOG,3000,0.003935716,11.8071482
PLS,254248.454,4.60E-05,11.6870157
HEX,1100,0.010477643,11.52540753
ETH,250000.0239,2631.47,657867562.9
ETC,250000.01,20.26,5065000.203
ABSHIBA.com,8824230,0.13989778,1234490.186
Zepe.io,750000,0.22512415,168843.1126
OMG,18831.57441,0.288772948,5438.049265
WLC,9630,0.283074558,2726.007996
XDATA,26465.03732,0.04439832,1175.003196
LOHMUS,50000,0.016475899,823.7949435
MOPS,400000000,1.25E-07,50.17905912
LPT,2.290348118,14.80826653,33.91608538
PEN,69420000,3.55E-07,24.63052312
PHIL,1124,0.020803558,23.38319871
TRX,102,0.17329644,17.67623692
HEX,1100,0.010477643,11.52540753
PLS,250000.0219,4.60E-05,11.4917284
ETH,250000.0096,2631.47,657867525.3
FTM,100,0.6888,68.88
PEN,69420000,3.55E-07,24.63052312
PLS,250000,4.60E-05,11.4917274
HEX,1000,0.010477643,10.47764321
USDT,10,1.0001,10.001
ETH,250000.0019,2631.2,657800005.1
MIMIC,3.0008E+11,1.61E-10,48.22974046
PEN,69420000,3.55E-07,24.63052312
PLS,250000.0004,4.60E-05,11.49172741
HEX,1000,0.010477643,10.47764321
ETH,250000.0019,2631.2,657800004.9
BOOM,62000,0.037057013,2297.534835
PEN,69420000,3.55E-07,24.63052312
PLS,250000,4.60E-05,11.4917274
HEX,1000,0.010477643,10.47764321
ETH,243300.0044,2630.53,640007960.5
ETC,560000,20.26,11345600
ABSHIBA.com,8824230,0.13989778,1234490.186
Zepe.io,750000,0.22512415,168843.1126
OMG,42182.72667,0.288772948,12181.23035
XDATA,59281.68361,0.04439832,2632.007159
FORTH,362.0059843,3.162323717,1144.78011
pwx,100000.22,0.000980557,98.05590377
LPT,2.050705406,14.80826653,30.36739223
PEN,69420000,3.55E-07,24.63052312
PHIL,1124,0.020851259,23.43681498
FREE,100000000,1.49E-07,14.88
HEX,1100,0.010477643,11.52540753
PLS,243300.0035,4.60E-05,11.18374926
ETH,240000.0296,2630.53,631327277.7
Zepe.io,750000,0.22512415,168843.1126
MARU,400000000,8.24E-05,32978.71485
WOJAK,21691200.34,0.000746447,16191.32429
0xBTC,210050,0.068711507,14432.85204
STRK,15862,0.468918007,7437.97743
UTMDoge,1.43E+18,2.16E-15,3101.433039
APPA,399828.8843,0.005845066,2337.026246
longcc ,49500000000,2.80E-08,1384.877188
DADA,9259750.528,8.28E-05,767.1019385
MARS,10000000,5.34E-05,534.2605241
SPTACUS,1.03608E+14,4.55E-12,471.8150093
AI WEB3,1E+13,2.66E-11,266.1863708
TIR,9000000000,1.26E-08,113.007934
WLC,175.2558478,0.283074558,49.61047171
CSCEC,11,4.053152141,44.58467355
PEN,69420000,3.55E-07,24.63052312
BNB,0.031219617,594.9,18.57255043
KLEE,3.69866E+12,4.42E-12,16.36447251
PLS,344001.0114,4.60E-05,15.81266339
SIMBA,3E+11,5.22E-11,15.6595397
MOPS,80000000,1.25E-07,10.03581182
ETH,229234.041,2630.53,603007021.9
ETH,220346.7689,2630.53,579628785.9
USDT,90,1.00009,90.0081
MIMIC,3.1E+11,1.61E-10,49.82411204
PEN,69420000,3.55E-07,24.63052312
ETH,0.099675031,2630.53,262.1981591
ETH,205225.2725,2630.53,539851236.2
PAXG,2321.292115,2652.946351,6158263.447
PAXG,2039.633635,21.74408164,44349.96028
PEN,69420000,3.55E-07,24.63052312
ETH,187068.1958,2630.53,492088501.2
Zepe.io,750000,0.22512415,168843.1126
OMG,14091.15458,0.288772948,4069.144254
XDATA,19803.06711,0.04439832,879.2229107
LPT,2.085114765,14.80826653,30.87693519
PEN,69420000,3.55E-07,24.63052312
HEX,1000,0.010477643,10.47764321
ETH,185471.7975,2630.53,487889127.6
LINK,1324700.823,12.51661585,16580771.32
ETH,5506.848757,2630.53,14485930.86
AVAX,270581.1264,29.03,7854970.1
PEPE,7.18332E+11,9.46E-06,6795418.223
USDC,5377986.175,1,5377986.175
ETH,1859.914338,2630.53,4892560.464
WETH,1859.711774,2630.53,4892027.613
ETH,1855.236308,2630.53,4880254.765
FTM,6308877.985,0.6883,4342400.717
MATIC,9396269.516,0.421317091,3958808.941
SHIB,2.01138E+11,1.85E-05,3711204.537
OCEAN,4167642.83,0.711180596,2963946.713
AAVE,16452.23885,164.9636325,2714021.084
UNI,326888.839,7.331671664,2396641.638
GRT,11187018.32,0.185993109,2080708.322
IMX,1167716.844,1.765461151,2061558.724
MANA,5825145.489,0.320475539,1866816.641
QNT,22935.77683,78.49334571,1800305.86
STORJ,3980453.772,0.440633606,1753921.698
PAXG,547.3682185,2652.946351,1452138.518
ARB,1931878.543,0.6157,1189457.619
ONDO,1219540.614,0.818058764,997655.8871
OP,548286.8918,1.7332,950290.8409
GALA,39696954.97,0.023134203,918357.4186
JASMY,37532559.74,0.02304258,864847.0063
USDC,805852.7681,1,805852.7681
SAND,2597286.114,0.28722209,745997.945
MOVR,58157.98742,10.849,630956.0055
USDC,625672.3515,1,625672.3515
SUPER,590436.7307,1.042438801,615494.1575
GNO,3614.511411,161.2,582659.2394
WBTC,7.716898,64966.03,501336.227
ACH,24471453.51,0.02024677,495467.9014
L3,6409623.183,0.07067,452968.0704
CHR,2021099.949,0.216723265,438019.3801
APE,529267.7326,0.826126381,437242.0363
DAI,432948.0098,0.9999,432904.715
DAI,432948.0097,0.9999,432904.7149
MKR,268.9284588,1603.339275,431183.56
COTI,3437079.616,0.123901547,425859.48
GLMR,2109454.729,0.1904,401640.1804
LRC,2862998.293,0.137637719,394056.5559
CHZ,5618714.67,0.069516867,390595.4406
LCX,2289017.877,0.17058147,390464.0336
MLN,23686.25431,16.34733539,387207.1434
SNX,225878.5844,1.703715077,384832.75
CRV,1250474.113,0.298,372641.2857
LDO,292779.8669,1.245633751,364696.4836
ENJ,2030152.588,0.162797889,330504.5547
USDT,325782.4495,1.00009,325811.7699
YFI,60.18811258,5260.050605,316592.518
LSK,334846.0377,0.940697838,314988.9435
ANKR,10080936.35,0.030314532,305598.8698
BAT,1489803.863,0.192229377,286384.0683
ZRO,54120.722,5.021417122,271762.7201
ENS,13644.51865,19.25775909,262762.8531
ANT,39060.78315,6.606400503,258051.1775
DYDX,245927.1905,1.043869681,256715.938
COMP,4751.660989,48.96493216,232664.758
CXT,1934385.741,0.114298202,221096.8119
BAND,163359.2508,1.291441907,210968.9823
WOO,1071057.494,0.193912895,207691.8597
AXS,37593.00277,5.22540373,196438.6169
ZRX,545835.2074,0.352531934,192424.3414
BLUR,799626.808,0.239239558,191302.3639
USDT,189635.7246,1.00009,189652.7918
USDT,189027.0997,1.00009,189044.1122
BEAM,9902779.665,0.018383385,182046.6099
LPT,12257.79386,14.80826653,181516.6786
MC,96574.91437,1.843038578,177991.2929
SUSHI,234238.9078,0.738018395,172872.6227
OMG,537471.4905,0.288772948,155207.227
TVK,1262991.822,0.118207307,149294.8625
API3,87945.24111,1.621755748,142625.7003
RARI,66125.27839,2.065108479,136555.8731
LMWR,761456.445,0.177470969,135136.413
USDC,134308.7947,1,134308.7947
KEEP,1030187.871,0.125250293,129031.3329
USDT,127578.7903,1.00009,127590.2724
AXL,175388.2195,0.7039,123455.7677
PERP,174299.7306,0.697371032,121551.583
OXT,1541004.225,0.076890548,118488.6586
CTSI,744110.1507,0.143832879,107027.5054
GMX,3878.57125,25.88488334,100396.3643
ENA,275135.3607,0.360938589,99306.9689
NMR,6076.491133,16.19623224,98416.26161
POL,234879.887,0.417217923,97996.09857
POL,227642.6841,0.4244,96611.55512
1INCH,294737.0976,0.299867842,88382.17733
CVX,41170.22237,2.079042734,85594.6517
CELR,5982359.032,0.013894843,83123.93778
RPL,7091.960783,11.46261486,81292.41503
REN,1908285.005,0.0425,81102.11269
RLC,46182.47618,1.693939634,78230.32681
FXS,36879.06646,2.046671047,75479.31758
ZETA,101731.7061,0.7004,71252.88692
SGB,9685976.648,0.007229,70019.92519
XCN,46551521.74,0.001429024,66523.23775
YGG,135769.7714,0.479545072,65107.7248
KNC,126953.5125,0.4958,62943.55147
FLOKI,375269376.8,0.000149962,56276.18518
AUDIO,405317.6662,0.138690957,56213.89515
DENT,60154468.67,0.000934104,56190.53618
GHST,49910.65054,1.083,54053.23453
ROOK,54663.3466,0.958312212,52384.55261
BADGER,16182.41867,3.174926135,51377.98398
KP3R,978.9170188,51.16588246,50087.15312
SYN,100097.7737,0.499464549,49995.28941
BLZ,315365.137,0.152816384,48192.95994
TRU,419798.6191,0.104894857,44034.71627
POWR,187405.3688,0.230797016,43252.59992
USDC,41551.04479,1,41551.04479
BAL,19516.76477,2.108983421,41160.53332
RAD,31246.3581,1.17978878,36864.10271
BOBA,149221.836,0.24572,36666.78954
TOKE,50734.09228,0.677143306,34354.25095
OGN,348953.3316,0.095880603,33457.856
PSTAKE,565415.2383,0.0577,32624.45925
BIGTIME,246714.1253,0.13181318,32520.17339
ARKM,21070.83843,1.481246739,31211.11071
ARPA,642253.3253,0.04764,30596.94842
MIR,1838429.421,0.016337893,30036.06255
CQT,6364297.899,0.004543649,28917.13278
UMA,11049.09476,2.450224929,27072.76743
RARE,188247.8138,0.142361051,26799.15655
RBC,1485271.377,0.017997899,26731.76485
MASK,11116.74927,2.367808112,26322.3291
TURBO,3905245.729,0.006243453,24382.21778
STG,69378.70444,0.3497,24261.73294
ALICE,20807.84874,1.150537426,23940.20874
BICO,95773.46028,0.24753801,23707.57173
MXC,3240641.79,0.007266004,23546.51535
REPv2,75443.84902,0.309646948,23360.95761
BOND,13722.6782,1.690054961,23192.08037
EUL,5674.939113,3.994,22665.70682
REQ,195527.5419,0.107596611,21038.10088
TLM,1699996.203,0.01161,19736.95592
HFT,116064.2389,0.1692,19638.06922
FORTH,5955.670683,3.162323717,18833.75865
SPELL,31894551.23,0.000586516,18706.66594
ALCX,1173.952383,15.06507248,17685.67774
BIT,24143.78318,0.729801205,17620.16206
MULTI,37149.67463,0.45739869,16992.21251
CPOOL,123376.5913,0.137679794,16986.46362
PRIME,1454.565972,11.50717386,16737.94353
tBTC,0.25206614,65008.43964,16386.42645
POND,1231038.727,0.012962459,15957.28869
BNT,29975.95546,0.531658011,15936.95687
REP,22405.9352,0.634045713,14206.38716
FARM,312.6483267,44.11633974,13792.8998
POLS,41197.45375,0.332364271,13692.56166
UNFI,4773.539848,2.742875312,13093.2246
ALPHA,179281.0476,0.065605467,11761.81689
FIS,33634.50787,0.349688247,11761.59209
PORTAL,32672.8781,0.348921008,11400.25357
AGLD,11540.88905,0.9792,11300.83856
GTC,13502.35772,0.666167884,8994.837069
CVC,71260.19104,0.123982168,8834.993013
ALT,63809.15315,0.12856,8203.304729
WETH,3.10061212,2630.53,8156.2532
MNT,12278.65052,0.644360442,7911.876678
T,296398.7137,0.026037195,7717.390976
AEVO,17470.54365,0.422587125,7382.826812
IDEX,129329.5835,0.04429,5728.007255
EURT,4872.948166,1.1039,5379.24748
C98,35580.125,0.136945284,4872.530312
PYUSD,4844.65824,0.999887669,4844.114036
SAFE,4897.067737,0.827386349,4051.766997
ETHFI,2214.374535,1.657062409,3669.356802
ADX,20670.00143,0.154498115,3193.476263
REZ,37120.86936,0.045265233,1680.284782
PDA,23834.7608,0.0511,1217.956277
Auction,19.18736,15.54,298.1715744
USDC,189.05288,1,189.05288
USDC,52,1,52
SXP,1442.13323,0.01211707,17.47442861
SHIB,3.57535E+13,1.85E-05,659688416.7
ETH,184516.7399,2630.53,485376819.8
CRO,4816707961,0.085469673,411682455.8
PEPE,9.6483E+12,9.46E-06,91272953.67
PYUSD,46065472.51,0.999887669,46060297.95
POL,84583647.07,0.417217923,35289813.53
USDT,32249598.67,1.00009,32252501.13
LINK,2523775.954,12.51661585,31589134.11
ELON,1.97999E+14,1.40E-07,27684948.67
JASMY,1142881018,0.02304258,26334927.16
FLOKI,1.75599E+11,0.000149962,26333250.95
PENDLE,4051041.698,4.5375065,18381628.03
LADYS,1.96666E+14,9.34E-08,18375790.17
GALA,744965869.2,0.023134203,17234191.72
Mog,1.12209E+13,1.43E-06,16016980.23
CRO,734917115.2,0.016660507,12244092.01
BDAG,100000000,0.120715882,12071588.18
BEAM,595611899,0.018383385,10949362.77
QNT,133431.9034,78.49334571,10473516.52
ONDO,11699470.81,0.818058764,9570854.631
AIOZ,14699148.15,0.541244261,7955829.575
TURBO,1263275971,0.006243453,7887204.028
MANA,23411130.76,0.320475539,7502694.75
RSR,1039038363,0.006957849,7229472.057
SAND,25068563.42,0.28722209,7200245.169
GRT,35992156.43,0.185993109,6694293.088
SUPER,6127935.011,1.042438801,6387997.224
IMX,3266541.91,1.765461151,5766952.842
USDC,5754397.72,1,5754397.72
CELR,352022356.7,0.013894843,4891295.277
UNI,502269.5465,7.331671664,3682475.401
AAVE,21707.10777,164.9636325,3580883.35
BONE,6583606.526,0.478435466,3149830.859
SHIB,4.44661E+13,6.92E-08,3078102.534
COTI,24712928.48,0.123901547,3061970.058
FLUX,4760416.185,0.6319,3008106.987
SLP,896661057,0.003011535,2700325.81
ALI,201381112.7,0.012640351,2545528.026
ENS,128186.2206,19.25775909,2468579.355
IQ,383151643,0.006313416,2418995.664
LRC,17428238.72,0.137637719,2398783.032
ILV,56394.83415,41.71630228,2352583.948
GEKKO,1.09647E+12,2.04E-06,2238777.402
PAXG,822.6517912,2652.946351,2182451.068
ANKR,64020892.08,0.030314532,1940763.396
COS,251176294.8,0.007687,1930792.178
SPELL,3165975720,0.000586516,1856895.548
ZERC,11216259.4,0.155420404,1743235.568
BOSON,4800239.223,0.361098982,1733361.495
ARKM,1153255.975,1.481246739,1708256.652
PRIME,145165.7666,11.50717386,1670447.715
YFI,315.722314,5260.050605,1660715.349
ATH,25422805.18,0.065216158,1657977.671
WLD,794404.5447,2.029,1611846.821
PYR,517189.8009,3.081484028,1593712.111
LMWR,8673877.24,0.177470969,1539361.398
HOT,821633003.7,0.001871588,1537758.642
CHZ,21584479.69,0.069516867,1500485.405
APE,1815909.794,0.826126381,1500170.986
AXS,280405.6147,5.22540373,1465232.545
AMP,345997356.3,0.00420953,1456486.296
VRA,331527627.3,0.004045635,1341239.936
MKR,824.6981518,1603.339275,1322270.937
ENA,3480454.552,0.360938589,1256230.355
YGG,2524620.996,0.479545072,1210669.558
AXL,1620936.142,0.7039,1140976.95
XYO,239422277.3,0.004725412,1131368.877
KARRAT,1847357.792,0.610055631,1126991.025
LEASH,3014.000707,368.05459,1109316.794
BAT,5616435.116,0.192229377,1079643.823
ACH,52531507.52,0.02024677,1063593.373
MAVIA,632480.4773,1.679191286,1062055.706
REQ,9146621.321,0.107596611,984145.4571
COMP,19676.15569,48.96493216,963441.6286
AUDIO,6812612.895,0.138690957,944847.8042
G-CRE,1994518.172,0.47,937423.5409
ZRX,2540990.909,0.352531934,895780.4401
SUSHI,1199028.245,0.738018395,884904.9006
DAI,883642.4586,0.9999,883554.0944
VANRY,8094778.058,0.10798712,874131.772
CRV,2819334.849,0.298,840161.785
SKL,21433608.09,0.038452168,824168.6953
TRB,10618.29049,76.23079999,809440.7786
AURORA,6155825.463,0.131342339,808520.5158
LPT,54534.27259,14.80826653,807558.0438
GLM,2296188.48,0.343884895,789624.534
FARM,17705.30269,44.11633974,781093.1488
SNX,458421.1385,1.703715077,781019.0054
RADAR,150965481.3,0.005024402,758511.2328
RARI,367279.1976,2.065108479,758471.3852
AGLD,758444.9424,0.9792,742669.2876
BLZ,4768369.413,0.152816384,728684.9722
PRQ,7313277.347,0.098659609,721525.0829
SPEC,76605.25981,9.27252548,710324.2234
QRDO,67192935.48,0.010513,706399.3308
ELON,1.69781E+14,4.08E-09,693121.0596
BIGTIME,5190317.684,0.13181318,684152.2786
CTSI,4445672.809,0.143832879,639433.9201
IOST,107135525.3,0.00572,612815.2046
API3,374774.3118,1.621755748,607792.3944
DAR,3418040.972,0.173812451,594098.0798
TRU,5618557.958,0.104894857,589357.8356
STORJ,1327497.82,0.440633606,584940.1511
ELF,1420218.108,0.400783233,569199.6042
SHRAP,11319660.71,0.049871849,564532.4113
CXT,4762222.63,0.114298202,544313.4835
PIXEL,3346426.132,0.1592,532751.0401
GODS,2554401.888,0.206383393,527186.1283
OGN,5403019.054,0.095880603,518044.7272
1INCH,1686380.681,0.299867842,505691.3351
AEVO,1182620.778,0.422587125,499760.3148
SLN,849413.2487,0.583257916,495427.0012
SPA,70556399.99,0.006897,486627.4907
LDO,385981.6258,1.245633751,480791.7403
ALCX,30582.49975,15.06507248,460727.5755
POWR,1922605.207,0.230797016,443731.5448
ARPA,9195552.304,0.04764,438076.1118
ORN,329461.5602,1.292425397,425804.4879
ZRO,84363.60052,5.021417122,423624.8281
CHR,1862510.086,0.216723265,403649.2672
NKN,4713851.514,0.084769543,399591.0372
ALICE,338249.4616,1.150537426,389168.665
ETHFI,225510.2841,1.657062409,373684.6147
T,13816130.73,0.026037195,359733.284
BICO,1445230.905,0.24753801,357749.5815
CUDOS,29379090.72,0.012118678,356035.75
MASK,146173.0128,2.367808112,346109.6453
MDT,6888435.042,0.049470485,340774.2208
DYDX,321763.4946,1.043869681,335879.1566
L3,4737164.479,0.07067,334775.4138
HIGH,228359.2955,1.449301918,330961.5649
RLC,194532.4392,1.693939634,329526.2089
USDP,329056.4764,0.99988109,329017.3484
NMR,20056.57307,16.19623224,324840.9154
DATA,7135482.64,0.045300781,323242.9362
STRK,668293.9501,0.468918007,313375.0673
TRAC,505288.5078,0.613923661,310208.5703
WOO,1559374.334,0.193912895,302382.792
RARE,2074187.968,0.142361051,295283.5783
UNIBOT,46822.56659,6.213457857,290930.0443
FXS,141502.9188,2.046671047,289609.9269
SQT,40546226.12,0.007120937,288727.1307
POND,22184520.7,0.012962459,287565.9339
DIA,685881.0386,0.403383865,276673.3444
CRPT,19907492.02,0.013645526,271648.1977
KNC,544616.9972,0.4958,270021.1072
BIFI,880.141208,292.3843898,257339.55
IDEX,5474716.449,0.04429,242475.1915
BOBA,975306.4992,0.24572,239652.313
UMA,95332.7991,2.450224929,233586.8009
G,5891025.246,0.03905,230044.5358
BLUR,931730.5322,0.239239558,222906.8005
BCUT,8247241.315,0.026815634,221155.0049
OXT,2714775.497,0.076890548,208740.5743
NEIRO,2296901.525,0.090399929,207639.7343
LBR,3191686.021,0.062878327,200687.8766
PERP,265430.6503,0.697371032,185103.6465
USDC,51227645.68,0.003611931,185030.7439
SUDO,2185108.982,0.084648839,184966.938
ZK,154343.474,1.1294,174315.5195
FORTH,54659.57943,3.162323717,172851.2844
SYN,345665.2923,0.499464549,172647.5595
FLIP,135840.33,1.239581515,168385.162
KP3R,3235.403613,51.16588246,165542.281
GTC,244913.4012,0.666167884,163153.4422
GHST,150014.6245,1.083,162465.8383
KRL,434956.6007,0.36964,160777.3579
PDA,3068733.751,0.0511,156812.2947
OMNI,15612.48881,10.01,156281.013
CVX,72893.47282,2.079042734,151548.6451
LQTY,158887.7807,0.946,150307.8405
STG,424015.559,0.3497,148278.241
BADGER,44449.10281,3.174926135,141122.6182
PIRATE,690575.6486,0.189387858,130786.6427
C98,946031.0927,0.136945284,129554.4964
SNT,5141325.32,0.024646384,126715.0757
ERN,57423.54458,2.174739674,124881.2606
TKO,66797.61227,1.845,123241.5946
GNO,756.7694892,161.2,121991.2417
BNT,222593.9316,0.531658011,118343.847
BANANA,2879.225119,39.58420108,113971.8261
RAD,86777.19481,1.17978878,102378.7608
AERGO,904125.8465,0.112856533,102036.5086
LOKA,410056.4141,0.241745692,99129.37163
ELA,43830.16249,2.099034365,92001.01728
MLN,5475.991233,16.34733539,89517.8653
ALPHA,1311672.602,0.065605467,86052.89385
LIT,91178.34178,0.745,67927.86463
BAL,32138.57626,2.108983421,67779.72451
USDT,23879567.35,0.002812716,67166.43961
OLE,5638095.888,0.01148,64725.3408
SAND,24714884.65,0.002574486,63628.1131
FIS,177709.5067,0.349688247,62142.92581
RPL,5380.222544,11.46261486,61671.41886
FTM,89155.30788,0.6886,61392.345
HFT,335890.741,0.1692,56832.71337
CHKN,7.23252E+11,6.79E-08,49102.53621
OGV,5605076.866,0.008718,48865.06012
MANA,25842688.4,0.001650295,42648.04826
LINK,2108909.235,0.018297544,38587.8592
VVS,15037126471,2.41E-06,36208.7482
GALA,360834579.3,9.87E-05,35621.82747
FTM,29024050.29,0.001208954,35088.73068
SAFE,42136.83557,0.827386349,34863.44255
ENJ,213216.0479,0.162797889,34711.1224
FET,20839.7476,1.631778254,34005.84696
ACX,104389.8224,0.251666002,26271.36923
ENJ,16579266.54,0.001576508,26137.34622
PAXG,1125.780114,21.74408164,24479.05472
STPT,497015.7663,0.048756298,24232.64857
AXS,191162.4,0.102955835,19681.28443
APE,1096272.83,0.016623275,18223.64516
INJ,763.659329,22.99835199,17562.90605
JASMY,115438045.6,0.00013232,15274.81375
TGBP,189170.5217,0.080408802,15210.97508
QNT,96504.12882,0.14852476,14333.25253
XSGD,18021.86243,0.777029534,14003.51937
MAV,54546.90608,0.2377,12965.79958
GRT,27423220.4,0.000444447,12188.1709
GUSD,12152.37,0.999727839,12149.0626
MKR,1188.704768,9.966311621,11847.00214
TOMOE,25774.03689,0.444427618,11454.69382
PUSH,138932.8355,0.080812774,11227.54786
ILV,31973.3796,0.290882806,9300.50637
MIR,547679.6812,0.016337893,8947.931847
MATIC,20541.10661,0.421317091,8654.319287
CHESS,45057,0.168429745,7588.93902
RNDR,1664716.551,0.004518555,7522.112749
IMX,1889366.499,0.003608895,6818.524671
WBTC,35.56618223,151.6225382,5392.634826
CORGIAI,5078919.655,0.000883617,4487.818377
UNI,484792.1395,0.009145932,4433.875934
GEL,25400.41437,0.158052562,4014.600561
DERC,24860.61632,0.152411774,3789.050632
YFI,240.8022447,15.56333352,3747.685647
SNX,280223.4065,0.012162699,3408.272896
DAI,855572.2541,0.003648699,3121.725665
ENS,141689.71,0.019601775,2777.369844
MXC,375962.0423,0.007266004,2731.741604
TUSD,855515.8301,0.003162005,2705.14558
AAVE,19458.59881,0.135238122,2631.544369
FXS,78259.12,0.031251716,2445.731777
TUSD,2235.478261,0.99891,2233.04159
RNDR,335.31569,6.260891168,2099.375042
USDP,658188.7685,0.003059896,2013.989472
COMP,16948.69736,0.112236048,1902.254806
SUSHI,811721.885,0.002219928,1801.964173
PEPE,2.71992E+11,6.06E-09,1649.305085
OCEAN,2313.993299,0.711180596,1645.667134
WBTC,0.02468306,64960,1603.411578
1INCH,891972.5391,0.001456019,1298.72885
CRV,1230441.684,0.000967356,1190.275225
ZETA,1043.430919,0.7004,730.8190156
OMG,2172.214552,0.288772948,627.2768008
LDO,284254.1405,0.001590974,452.2409503
GCW,1.05E+16,3.80E-14,399.1541135
QUICK,8.24,47.24328762,389.28469
ARB,588.8655317,0.6157,362.5645079
FER,67465.10843,0.004415497,297.8920074
AGIX,346.3144991,0.703457066,243.6173816
ORAI,30.9,7.543859235,233.1052504
RPL,3122.584732,0.074013298,231.1127945
BNT,219807.6286,0.001018121,223.7907494
$CAVIAR,30000,0.00732986,219.8958035
REEF,39321.37527,0.004741333,186.435731
RBN,354.8912484,0.421971058,149.7538355
BAL,18741.48387,0.005592464,104.8110817
TRIBE,256.9411714,0.394995858,101.4906985
GNO,555.8695686,0.144847527,80.51633255
MTD,4478.290055,0.01653738,74.05918265
COCO,5E+11,1.29E-10,64.3968259
$JEET,562586,8.13E-05,45.712714
GUA,86664,0.000496904,43.06364724
69420,99000000,4.16E-07,41.23160641
SYLVE,89826367.99,4.13E-07,37.07854122
SRM,1178.393828,0.02836194,33.42153548
RLY,4790.544058,0.005956146,28.53318189
Doge-1,42069,0.000631593,26.57048555
PEN,69420000,3.55E-07,24.63052312
CQT,2476.844454,0.004543649,11.25391066
OMIKAMI,369,0.029088428,10.73362991
ETH,178352.7563,2630.53,469162276.1
wBETH,100869.7849,2764.738483,278878576
BTCB,3400.050804,64988.01,220962535.6
USDT,124298176.3,1.00009,124309363.1
USDT,85472812.61,1.00009,85480505.16
USDC,27860951.65,1,27860951.65
DOGE,138561396.5,0.117220088,16242179.08
PEPE,1.03646E+12,9.46E-06,9804926.229
FDUSD,8752083.195,0.998988618,8743231.493
FIL,952600.8576,4.06836011,3875523.33
BNB,5767.584222,594.8,3430559.095
WLD,1280165.616,2.029,2597456.035
USDC,1598215.519,1,1598215.519
SOL,7946.349972,154.8451779,1230453.975
FDUSD,964211.3303,0.999121667,963364.4319
POL,1989538.552,0.4241,843763.3001
UNI,52420.37971,7.331671664,384329.0125
COTI,1000320.68,0.123901547,123941.2793
USDC,10151.24102,1,10151.24102
ETH,1.57580771,2630.21,4144.705197
BETH,0.87144626,2683.03182,2338.118045
BOOM,62000,0.037057013,2297.534835
BUSD,1471.989909,1.000625569,1472.91074
ACT,60000,0.020148633,1208.917973
DAI,1037.74338,0.9999,1037.639606
BUSD,341.0829159,1.000625569,341.2962867
USDT,122.73988,1.00009,122.7509266
INJ,1.67,22.99835199,38.40724783
TRX,241.511487,0.15293579,36.93575008
PEN,69420000,3.55E-07,24.63052312
BAKE,76.06207122,0.278735714,21.20121576
FLOW,32.40212076,0.62,20.08931487
UST,565,0.01839509,10.39322594
ETH,174810.0947,2630.21,459787259.2
ETH,0.0259,2630.21,68.12244001
PEN,69420000,3.55E-07,24.63052312
ETH,169032.0033,2630.21,444589665.4
Zepe.io,750000,0.22512415,168843.1126
OMG,12732.55425,0.288772948,3676.817232
XDATA,17893.75207,0.04439832,794.4525304
ETC,29.77407151,20.26,603.2226888
LPT,2.269054574,14.79825179,33.5780409
PEN,69420000,3.55E-07,24.63052312
HEX,1000,0.010477643,10.47764321
ETH,168434.9722,2630.21,443019348.3
PEN,69420000,3.55E-07,24.63052312
ETH,156764.501,2630.21,412323558.2
Zepe.io,750000,0.22512415,168843.1126
PEN,69420000,3.55E-07,24.63052312
WETH,0.0093173,2630.21,24.50645563
PLS,224933.6007,4.60E-05,10.33950248
ETH,155226.5409,2630.21,408278400.1
ETH,0.428882479,2630.21,1128.050986
ETH,0.318713843,2630.21,838.284337
ETH,0.119066733,2630.21,313.1705107
PEN,69420000,3.55E-07,24.63052312
ETH,0.005287898,2630.21,13.90828305
ETH,154749.3329,2630.21,407023242.8
NFT,1,22108.9154,22108.9154
xSUSHI,6989.764512,1.068926778,7471.546457
USDT,2213.688252,1.00009,2213.887484
KICK,888888,0.000222308,197.6069805
HEX,1000,0.010477643,10.47764321
ETH,150585.8898,2630.21,396072513.3
PEN,69420000,3.55E-07,24.63052312
PLS,230179.4958,4.60E-05,10.58064007
ETH,150000.0002,2630.21,394531500.4
Zepe.io,750000,0.22512415,168843.1126
PEN,69420000,3.55E-07,24.63052312
WLC,49.77105781,0.283022326,14.08632054
HEX,1000,0.010477643,10.47764321
ETH,150000.0001,2630.74,394611000.2
Zepe.io,750000,0.22512415,168843.1126
USDT,49.067521,1.00009,49.07193708
PEN,69420000,3.55E-07,24.63052312
HEX,1000,0.010477643,10.47764321
ETH,148258.4573,2630.74,390029453.9
SHIB,7.15323E+12,1.85E-05,131984355.8
AVAX,4131470.313,29.03,119936583.2
LINK,8402947.954,12.51661585,105176471.6
UNI,4331915.876,7.331671664,31760184.88
COMP,479810.7616,48.96493216,23493901.39
SHIB,2.24468E+13,6.92E-08,1553850.446
LINK,2465363.196,0.018297544,45110.09119
COMP,228118.0121,0.112236048,25603.0641
UNI,1107270.569,0.009145932,10127.02131
AAVE,1.25,165.1123802,206.3904752
USDC,40,1,40
Sybzero,54403.21011,0.000389269,21.17750542
GUA,28888,0.000496904,14.35454908
ETH,143012.057,2630.4,376178914.7
Zepe.io,750000,0.22512415,168843.1126
MAMO,200000,0.002694865,538.9729171
PEN,69420000,3.55E-07,24.63052312
HEX,1000,0.010477643,10.47764321
ETH,143000,2630.4,376147200
PEN,69420000,3.55E-07,24.63052312
USDT,553611091,1.0001,553666452.1
USDC,418884487.7,1,418884487.7
ETH,142913.3697,2629.43,375780701.7
WBTC,2519.518944,64969.99,163693120.6
FDUSD,158122000.1,0.999121667,157983116.3
FET,13928817.41,1.631778254,22728741.36
POL,52804228.96,0.417217923,22030870.72
Neiro,20648611115,0.001056232,21809724.11
PAXG,7806.339243,2652.946351,20709799.21
SHIB,1.00752E+12,1.85E-05,18589785.34
LSK,18387758.86,0.940697838,17297325
MKR,9946.813081,1603.339275,15948116.07
AAVE,96073.6437,165.1123802,15862947.98
LINK,1248231.929,12.51661585,15623639.55
UNI,2119736.579,7.331671664,15541212.61
PENDLE,3114722.599,4.5375065,14133074.04
YGG,14614338.35,0.479545072,7008233.936
wBETH,2361.28935,2762.868706,6523932.45
CRV,21752211.22,0.2985,6493035.048
BIFI,21080.45058,292.3843898,6163594.678
ZRO,1194848.957,5.031060484,6011357.37
FLOKI,39847946388,0.000149962,5975681.866
WLD,2833207.866,2.031,5754245.177
GALA,245805631.2,0.023134203,5686517.394
ENA,14790045.35,0.360938589,5338298.1
FTM,7246507.93,0.689,4992843.964
UMA,2015575.705,2.450224929,4938613.839
IMX,2704056.16,1.765461151,4773906.102
TLM,400780674.7,0.01161,4653063.633
ARKM,3136745.739,1.481246739,4646294.396
AEUR,4124093.157,1.1172,4607436.875
LDO,3692768.706,1.245633751,4599837.333
PEPE,4.79291E+11,9.46E-06,4534091.985
BUSD,4495630.003,1.000625569,4498442.329
USDP,4232997.54,0.99988109,4232494.195
OM,3354404.523,1.254254285,4207276.245
DAI,3975640.802,0.9999,3975243.238
AUDIO,27718020.32,0.138690957,3844238.773
LEVER,1570545845,0.002353,3695494.373
JASMY,159547303.5,0.02304258,3676381.486
HIFI,6763537.619,0.531770366,3596648.877
BEAM,190506853.4,0.018383385,3502160.807
OCEAN,4910807.471,0.710699629,3490109.047
G,78486670.63,0.03905,3064904.488
WETH,1153.169594,2629.43,3032178.727
ENS,152903.5771,19.25775909,2944580.252
BANANA,73580.73177,39.58420108,2912634.482
BLUR,11909274.06,0.239239558,2849169.46
BNB,4646.612859,599.5005723,2785647.068
ID,6453795.857,0.428004615,2762254.41
ERN,1254195.248,2.174739674,2727548.163
ETHFI,1599523.235,1.657062409,2650509.825
ZRX,6864516.91,0.352531934,2419961.424
ENJ,13458693.22,0.162797889,2191046.839
TURBO,347996446.4,0.006243951,2172872.874
COTI,17413125.15,0.123901547,2157513.136
BAT,11187608.08,0.192229377,2150586.929
BADGER,652446.3455,3.174926135,2071468.954
SKL,52664735.65,0.038452168,2025073.253
PEOPLE,26929522.88,0.072765218,1959532.592
RAD,1645056.037,1.17978878,1940818.655
FLUX,3049752.166,0.6316,1926223.468
API3,1169953.373,1.621755748,1897378.609
GHST,1751477.724,1.083,1896850.375
TUSD,1895418.986,0.99891,1893352.979
STRK,3976199.025,0.468918007,1864511.323
BBTC,27.0692196,64984.59,1759082.137
PHA,13073148.37,0.128849313,1684466.185
IQ,255765704.1,0.006313416,1614755.255
STORJ,3649204.389,0.440633606,1607962.088
FRONT,2749370.524,0.583605237,1604547.035
ACH,76204473.25,0.02024677,1542894.476
HOT,815739995.5,0.001871588,1526729.358
1INCH,5039770.605,0.299867842,1511265.134
CVX,717650.9702,2.079042734,1492027.035
LPT,99572.20967,14.79825179,1473494.63
AXS,279974.2027,5.22540373,1462978.243
MATIC,3403881.919,0.421317091,1434113.629
CHZ,20530044.09,0.069516867,1427184.345
Auction,88226.40391,15.54,1371038.317
APE,1657584.797,0.826126381,1369374.529
STG,3809755.788,0.3499,1333033.55
GLM,3871575.92,0.343884895,1331376.478
SNX,779356.681,1.703715077,1327801.728
TOMOE,2949952.42,0.444427618,1311040.327
MANA,4046364.4,0.320475539,1296760.812
ABSHIBA.com,8824230,0.13989778,1234490.186
AEVO,2904993.48,0.422587125,1227612.843
OGN,12763913.84,0.095880603,1223811.761
T,46273794.35,0.026142544,1209714.701
CVC,9665651.577,0.124483814,1203217.173
ABSHIBA.com,8239291,0.143433623,1181791.362
PUNDIX,2631313.233,0.435371069,1145597.654
TRB,14980.64965,76.23079999,1141986.907
AMP,268113259.9,0.00420953,1128630.846
Metis,28033.89809,40.07,1123318.297
SLP,364161458,0.00301063,1096355.539
SNT,44153900.57,0.024646384,1088233.968
MDT,21862360.43,0.04958905,1084133.691
USDT,385424666.7,0.002812716,1084090.102
NEXO,1033787.565,1.043763952,1079030.195
MEME,90130803.16,0.011852278,1068255.321
TRX,6018223.323,0.17329644,1042936.679
BICO,4200916.535,0.24753801,1039886.517
POWR,4468969.581,0.230692643,1030958.402
GNO,6274.621964,161.2,1011469.061
VANRY,9288646.946,0.10798712,1003054.235
RARE,7039114.261,0.142361051,1002095.702
FXS,452495.1326,2.046671047,926108.6869
SUSHI,1249311.782,0.738018395,922015.0759
AERGO,8169700.614,0.112856533,922004.0885
COS,116839067.3,0.007687,898141.91
GTC,1342731.149,0.666167884,894484.3683
IDRT,13393847179,6.58E-05,881166.8357
AST,9902246.908,0.083594381,827772.1981
PORTAL,2362301.901,0.348896359,824198.5331
MAV,3430861.702,0.2373,814143.482
LQTY,839847.9128,0.946,794496.1255
AXL,1115892.769,0.7039,785476.9201
ARPA,16144706.63,0.04764,769133.8241
SYN,1529250.693,0.499464549,763806.5081
LRC,5532388.674,0.137637719,761465.3602
RSR,105141771.5,0.006957849,731560.5725
DEGOV2,445329.1933,1.632,726777.2435
CELR,51783053.31,0.013894843,719517.3808
SSV,29078.56514,24.62847281,716160.6511
STMX,102153154.6,0.006803905,695040.3181
STPT,13835275.45,0.048756298,674556.8061
MASK,283808.6257,2.367808112,672004.366
BAL,312780.4601,2.108983421,659648.8047
CYBER,164268.7746,3.841063907,630966.8612
TRU,5809647.395,0.104894857,609402.1348
KNC,1195316.241,0.4954,592159.6659
OMNI,57850.76868,10.01,579086.1945
FARM,12798.21796,44.09521597,564340.185
CLV,11315740.7,0.0498,563523.8869
BabyDoge,2.5413E+14,2.21E-09,561336.004
ORN,421905.8525,1.292425397,545281.8391
REQ,5059053.019,0.107596611,544336.9602
DF,15277631.57,0.035267008,538796.3581
QNT,6691.032313,78.49334571,525201.5125
CTSI,3575504.923,0.144202403,515596.4006
QKC,53462378.06,0.009625407,514597.1658
DUSK,2047959.842,0.2439,499497.4054
HIGH,343476.614,1.449301918,497801.3154
GALA,4962704409,9.87E-05,489921.4498
cDAI,20540897.37,0.02378025,488467.6757
CHR,2193925.691,0.216741394,475514.513
RPL,41264.52794,11.47945964,473694.4831
COMP,9412.665559,48.96493216,460890.5305
SAND,1588752.703,0.28722209,456324.8713
ALPHA,6847795.814,0.065605467,449252.8437
OXT,5823335.657,0.076890548,447759.467
IDEX,9610370.287,0.04429,425643.3
VGX,13984472.74,0.03014,421492.0084
ILV,10102.75761,41.71630228,421449.6903
NMR,24886.70192,16.19623224,403070.804
BAND,300572.1566,1.294399381,389060.4134
ALICE,336877.3414,1.150537426,387589.9894
PEPE,6.23097E+13,6.06E-09,377833.8297
DYDX,348676.0562,1.043869681,363972.3637
GRT,1952780.544,0.186314642,363831.6078
BLZ,2343096.843,0.152816384,358063.5873
RLC,206677.825,1.693939634,350099.7592
LOOM,5910362.932,0.058904,348144.0181
BEL,530887.9181,0.638801972,339132.2493
YFI,63.15031996,5260.050605,332173.8787
ONDO,395202.5175,0.818058764,323298.8829
Cake,152423.8625,2.098,319785.2635
AGIX,451853.726,0.703457066,317859.6966
BNT,588310.7777,0.531403443,312630.3728
ALT,2405716.164,0.12856,309278.8701
PROM,53828.30683,5.7443,309205.9429
CREAM,30192.21815,10.10297383,305031.1899
PYR,97876.33269,3.080231045,301481.7185
PIXEL,1868054.851,0.1593,297581.1378
FUN,82616458.42,0.003587783,296409.9068
CHESS,1690748.273,0.168429745,284772.3005
SUPER,272810.3144,1.042121854,284301.5906
DENT,300960022,0.000934104,281127.9922
MLN,16056.70862,16.34534677,262452.4703
REZ,5607907.789,0.045265233,253843.25
USDC,65875185.12,0.003611931,237936.652
ALCX,15566.62648,15.06507248,234512.3563
FTX Token,161530.8612,1.4298,230956.8253
AGI,5613999.9,0.040675683,228353.282
SPELL,366952077,0.000587306,215513.3392
VIB,2773275.295,0.07266,201506.183
GMT,1272014.288,0.158319652,201384.8596
REN,4723417.794,0.0425,200745.2562
DATA,4420791.728,0.045300781,200265.3178
FIS,565578.3466,0.349688247,197776.1004
WBTC,1271.399847,151.6225382,192772.8719
HFT,1097336.184,0.1692,185669.2823
RDNT,2258386.716,0.081921224,185009.8034
BDOT,36523.69023,4.791,174984.9999
NKN,2051749.356,0.084769543,173925.8547
Zepe.io,750000,0.22512415,168843.1126
WOO,868152.7626,0.193912895,168346.0158
DODO,1197193.057,0.138960062,166362.0219
OMG,567527.826,0.288772948,163886.6836
AVA,297418.5757,0.535348374,159222.5508
ADX,1009505.52,0.154498115,155966.7002
W,523709.4707,0.2931,153499.2459
ATA,1573024.873,0.0949,149280.0605
SATO,41601928.58,0.003336026,138785.1345
PERP,192991.8978,0.697286198,134570.5866
ANKR,4396766.835,0.030314532,133285.9299
HEGIC,5434324.571,0.024333406,132235.624
CVP,3662259.49,0.035289071,129237.7341
LINA,26937294.52,0.004552738,122638.4556
LIT,164332.2445,0.745,122427.5222
UTK,2520640.405,0.048534396,122337.7598
UNFI,44015.57487,2.742875312,120729.2337
sUSD,118358.0502,0.998853724,118222.3791
PDA,2246923.982,0.0511,114817.8155
UFT,464019.5061,0.245763248,114038.9411
AKRO,23593257.12,0.004671825,110223.5667
FORTH,33681.63025,3.162323717,106512.2182
LOKA,427453.6959,0.241745692,103335.0896
LTO,740537.6042,0.130200221,96418.15962
C98,688496.6587,0.136827195,94205.06666
TROY,60651840.21,0.001501281,91055.47638
STMX,12979851.83,0.006932,89976.33289
TRIBE,225161.3221,0.394995858,88937.78965
ARB,142829.6575,0.6159,87968.78606
KP3R,1704.658649,51.16588246,87220.36405
ELF,208700.9118,0.400783233,83643.82608
BETA,1740937.59,0.04745,82607.48866
WXRP,129405.6195,0.591898803,76595.03132
BBCH,210.999,351.2,74102.8488
VIDT,1462710.93,0.04788,70034.59934
EFI,1236790.12,0.05434,67207.17513
USDP,21842956.74,0.003059896,66837.18566
ANT,9535.286345,6.606400503,62993.92051
CREAM,3401.212595,18.51840765,62985.04135
DNT,1663884.662,0.037077837,61693.24439
DGD,121.1768182,506.811226,61413.77181
DAI,15983257.48,0.003648699,58318.0963
COMBO,128967.8235,0.4433,57171.43615
LUNA,626016028.8,8.82E-05,55197.90103
CHKN,7.66252E+11,6.79E-08,52021.88338
KNC,100710.4313,0.489921438,49340.19931
SHIB,6.73898E+11,6.92E-08,46649.70714
POND,3578926.584,0.012962459,46391.68812
POLS,137370.8784,0.332364271,45657.17179
AGLD,45163.96019,0.9805,44283.26297
WAXP,1190312.877,0.03712,44184.41399
DIA,104355.7979,0.403383865,42095.44511
LINK,2152391.198,0.018297544,39383.47234
GYEN,5881943.95,0.006654638,39142.20717
YFII,105.0509164,357.0204389,37505.32429
PAXG,1716.088192,21.74408164,37314.76175
DAR,214281.8115,0.173812451,37244.84692
APE,2186866.92,0.016623275,36352.89107
AXS,322427.2525,0.102955835,33195.76687
AVA,59219.26156,0.5357,31723.75842
RNDR,4759.450474,6.260891168,29798.40143
INJ,1243.685418,22.98900048,28591.08465
QUICK,624990.8189,0.045739102,28586.51858
IMX,7684412.112,0.003608895,27732.23384
MTLX,6567.680929,3.490743922,22926.09229
SAND,8681988.812,0.002574486,22351.65464
NFT,1,22108.9154,22108.9154
FOR,7459665.506,0.002834,21140.69204
PERL,43480967.46,0.000480895,20909.78977
QUICK,415.1325214,47.24328762,19612.22511
TUSD,5758348.251,0.003162005,18207.92763
Key7.net,98134,0.181036153,17765.80188
AGIX,5553033.294,0.003101663,17223.63855
RNDR,3685465.076,0.004518555,16652.97544
GRT,37295207.25,0.000444447,16575.74687
NU,185854.4592,0.085179724,15831.0316
MFT,2937044.032,0.005359411,15740.82633
PROS,45981.04127,0.33324831,15323.10431
DREP,2723687.478,0.005246,14288.46451
BFIL,3483.041827,4.079,14207.32761
ILV,45410.26258,0.290882806,13209.06459
MKR,1325.342211,9.966311621,13208.77348
TVK,105618.438,0.11831616,12496.36798
DEXE,1405.286748,8.800179076,12366.77503
XDATA,270020.174,0.04439832,11988.44209
ENJ,7331463.348,0.001576508,11558.11057
1INCH,7688757.934,0.001456019,11194.97665
MANA,6534699.834,0.001650295,10784.17963
TORN,4049.017105,2.58172034,10453.42982
IOTX,222906.778,0.045648035,10175.2563
OAX,68165.31441,0.1453,9904.420184
UST,521478.6772,0.018631993,9716.186849
JASMY,65811550.99,0.00013232,8708.213815
ASTEROID,99999000,8.18E-05,8183.754066
YFI,488.5307312,15.56333352,7603.166704
LOOM,118276.2178,0.05873,6946.362274
CND,18926723.03,0.000364678,6902.151264
UNI,746232.029,0.009145932,6824.987381
SNX,503209.2799,0.012162699,6120.382915
FXS,194401.008,0.031251716,6075.365054
makiswap.io,169990077,3.52E-05,5987.489815
AAVE,43052.53855,0.135238122,5822.344482
VIBE,6935575.477,0.000807789,5602.485035
NEXO,980727.6235,0.005424572,5320.027348
PNT,895312.9764,0.005554,4972.568271
ETH,1.81347394,2629.43,4768.402782
NPXS,27148247.76,0.000153574,4169.25636
WETH,1.48764899,2630.4,3913.111903
ZIL,240478.4986,0.01609,3869.299042
SUSHI,1699980.966,0.002219928,3773.835414
BOND,2107.635455,1.690054961,3562.019755
IOST,621948.9163,0.00572,3557.547801
FTM,2902356.354,0.001208954,3508.814222
ETH,1.323337805,2629.43,3479.624124
REEF,695751.816,0.004741333,3298.790989
OGV,377891.0771,0.008717,3294.07652
UAT,13189.49303,0.24452152,3225.114879
ZCX,36178.18172,0.08817,3189.830283
QNT,20708.17142,0.14852476,3075.67618
LDO,1856274.972,0.001590974,2953.285238
SALT,126908.3591,0.022086102,2802.911006
MC,1501.487906,1.843038578,2767.300135
XEC,29000000,8.55E-05,2480.571895
PIKA,1.11375E+11,2.15E-08,2394.219808
RAMP,29069.43092,0.082304213,2392.536647
BOOM,62000,0.037057013,2297.534835
CDT,9769.475706,0.214053812,2091.193517
xDuck,20000000,0.00010289,2057.805153
LTO,13995.13204,0.141782378,1984.263098
COMP,17177.67359,0.112236048,1927.954194
MTL,6905.46502,0.267962357,1850.404684
wNXM,29.6597699,59.07437673,1752.132421
BNT,1657504.226,0.001018121,1687.53976
MAGIC,4184.792265,0.384184818,1607.733653
AMB,190209.5738,0.00823,1565.424792
OM,418836.0195,0.003697313,1548.567788
MGMES,1000000,0.001473973,1473.972575
KEYFI,84598.45994,0.01632141,1380.766109
VRA,399542.6374,0.003341512,1335.076327
ENS,67705.41492,0.019601775,1327.146323
KEEP,9939.44958,0.125250293,1244.918973
DXP,9500,0.12790576,1215.104719
ACT,60000,0.020148633,1208.917973
CRV,1240656.169,0.000967356,1200.156268
LBA,4441681.213,0.0002567,1140.179567
ETH,0.387883085,2629.43,1019.911419
OCEAN,1428.997,0.711180596,1016.274939
LOOKS,21682.56286,0.045809019,993.256937
BAL,158427.5318,0.005592464,886.0003349
stETH,0.326147968,2630.875608,858.0547344
REPv2,2588.279496,0.309646948,801.4528472
REP,1193.683536,0.634045713,756.8499288
Trantor,200000000,3.75E-06,749.1821182
ORDER,5000,0.141359774,706.7988685
AXS,124.3295379,5.241474648,651.6701206
POLY,14686.26729,0.041813688,614.0870011
BNB,1.028146265,594.8,611.5413986
RPL,8245.177353,0.074013298,610.2527691
DEGO,21352.7435,0.02764732,590.346132
SXP,47585.15252,0.01211707,576.5926014
PSB,1.43157E+13,3.51E-11,502.5609304
RINTARO,31903958.92,1.53E-05,487.017408
FOX,12229.75304,0.03829583,468.3485467
VIDY,30633229.42,1.38E-05,422.3709673
ETH,0.157982386,2629.43,415.4036248
LAYER,10272.71105,0.039362216,404.3566719
ONT,1839.129716,0.205244397,377.4710702
DAWGZ,1000000,0.000361945,361.9454533
GNO,2316.388303,0.144847527,335.5231181
1INCH,1112.62,0.299867842,333.6389581
TOKE,481.9633348,0.677143306,326.3582457
EWTB,223.9520945,1.424787527,319.0841509
USDT,269.17,1.0001,269.196917
ELON,57016557085,4.08E-09,232.766567
$CAVIAR,30000,0.00732986,219.8958035
EZ,15228.60426,0.01299,197.8195694
KISHU,5.4413E+11,3.52E-10,191.5892548
ZUM,28170701.26,6.53E-06,183.8925553
SWAP,1446.673592,0.119364888,172.6820311
ERCX,75000,0.002175365,163.1524072
TCT,474442.773,0.0003316,157.3252235
BZZ,571.2523893,0.2698442,154.1491439
SLP,24983,0.005598312,139.862624
BTM,23779.08906,0.005207,123.8177167
cETH,2.31487504,53.02250674,122.7404774
LINK,8.32,12.51661585,104.1382439
RAI,33,3.015610326,99.51514076
BZRX,5244.383203,0.018276778,95.85042888
RGT,515.5948287,0.178809062,92.19302761
renBTC,0.00136831,64847.86498,88.73198213
TUP,6237.174444,0.013607504,84.87237732
PP,45922223.97,1.58E-06,72.34638747
CTO,4.64686E+11,1.32E-10,61.15001914
CQT,13374.26835,0.004543649,60.76797472
ETH,0.01858869,2629.43,48.87765915
ELON,343271062.4,1.40E-07,47.99752418
SYLVE,112048523.8,4.13E-07,46.25140594
PKF,1585.088558,0.028740829,45.55675885
POLK,3546.92446,0.012737019,45.17724513
GUA,86664,0.000496904,43.06364724
BOBA,158.4490187,0.24572,38.93409287
MANIA,8596.5,0.00441571,37.95964934
XPR,42980.404,0.000880439,37.84164459
SRM,1255.181536,0.02836194,35.59938388
PUPP,111000,0.000298511,33.1347119
FEG,79238941386,3.98E-10,31.55164008
USDC,29.81,1,29.81
EVX,10828.4882,0.002598,28.13241234
INUS,4.7798E+11,5.64E-11,26.97136662
PP,45922223.97,5.73E-07,26.33403031
XRP20,1393721.994,1.78E-05,24.7923454
PEN,69420000,3.55E-07,24.63052312
$JEET,281293,8.13E-05,22.856357
LICKER,500000,4.50E-05,22.51834249
USDC,20.807553,1,20.807553
USDT,20.640044,1.0001,20.642108
CERE,7211.73,0.002853483,20.57855168
LAS,51000000000,3.89E-10,19.82074869
SPC,960,0.020611353,19.78689907
DC,80342.50362,0.000245652,19.73626156
ILOVEU,1000000000,1.81E-08,18.092047
DRGNZ,1000000,1.72E-05,17.23365034
$MULAN,20.68,0.596259597,12.33064847
ROOST,2577,0.004474908,11.53183839
PEPU,1000000,1.02E-05,10.19790427
